seq #,peptide,start,end,peptide length,allele,peptide index,median binding percentile,netmhcpan_el core,netmhcpan_el icore,netmhcpan_el score,netmhcpan_el percentile,netmhcpan_ba core,netmhcpan_ba icore,netmhcpan_ba IC50,netmhcpan_ba percentile,immunogenicity score,proteasome score,tap score,mhc score,processing score,processing total score,Sample_ID
62,TELLYAALV,9,17,9,H2-Kk,3081,0.04,TELLYAALV,TELLYAALV,0.82899,0.08,TELLYAALV,TELLYAALV,5.37,0.01,0.04501,1.0110719999999995,0.0789259735999999,-0.7299742856995556,1.0899979735999998,0.3600236879004441,S4
62,TELLYAAL,9,16,8,H2-Kk,3067,0.18,TEL-LYAAL,TELLYAAL,0.654262,0.26,TEL-LYAAL,TELLYAAL,36.07,0.11,0.05149,1.431223,0.3600837486,-1.557146142318363,1.7913067485999998,0.2341606062816368,S4
53,NEYYAHSEDYV,6,16,11,H2-Kk,2653,0.5,NEYYAHSEV,NEYYAHSEDYV,0.35022,0.86,NEYYAHSEV,NEYYAHSEDYV,49.89,0.15,0.01439,0.942214,0.1109139558999999,-1.6980135039391815,1.0531279559,-0.6448855480391816,S4
53,NEKAGDCLI,7,15,9,H2-Kk,2621,0.19,NEKAGDCLI,NEKAGDCLI,0.645872,0.27,NEKAGDCLI,NEKAGDCLI,36.82,0.11,-0.02873,1.0602650000000002,0.1150252608999999,-1.566083784167996,1.1752902609000002,-0.3907935232679957,S5
22,CEALTLRDL,8,16,9,H2-Kk,1072,0.38,CEALTLRDL,CEALTLRDL,0.42239,0.63,CEALTLRDL,CEALTLRDL,45.05,0.13,0.08554,1.376205,0.3670144837,-1.6536947953150818,1.7432194837,0.0895246883849183,S5
20,IPVSMWFTI,7,15,9,H2-Ld,1035,0.01,IPVSMWFTI,IPVSMWFTI,0.812794,0.01,IPVSMWFTI,IPVSMWFTI,12.56,0.01,0.00592,1.1560180000000004,0.1635974569,-1.098989639401177,1.3196154569000005,0.2206258174988231,S6
43,VPLRHIHLF,7,15,9,H2-Ld,2185,0.02,VPLRHIHLF,VPLRHIHLF,0.885907,0.01,VPLRHIHLF,VPLRHIHLF,47.44,0.02,0.22608,1.263721,0.992389834,-1.676144680356206,2.256110834,0.5799661536437937,S6
20,IPVSMWFTIL,7,16,10,H2-Ld,1048,0.02,IPVSMWFTL,IPVSMWFTIL,0.694217,0.02,IPVSMWFTL,IPVSMWFTIL,22.73,0.01,0.11235,1.4095560000000005,0.3488065289,-1.3565994357249709,1.7583625289000004,0.4017630931750295,S6
61,MEKRGPCLV,5,13,9,H2-Kk,3083,0.16,MEKRGPCLV,MEKRGPCLV,0.685308,0.22,MEKRGPCLV,MEKRGPCLV,28.08,0.09,-0.04734,0.904026,0.1628017392,-1.4483971034577676,1.0668277392,-0.3815693642577675,S6
36,EEIQLKGTV,10,18,9,H2-Kk,1822,0.05,EEIQLKGTV,EEIQLKGTV,0.915711,0.02,EEIQLKGTV,EEIQLKGTV,26.43,0.08,-0.23588,1.083238,0.0045716111999999,-1.4220971631317103,1.0878096112,-0.3342875519317103,S7
65,DEQDSVRLL,1,9,9,H2-Kk,3263,0.06,DEQDSVRLL,DEQDSVRLL,0.959849,0.01,DEQDSVRLL,DEQDSVRLL,40.55,0.12,-0.10032,1.6761819999999996,0.3326845546,-1.6079908585471747,2.0088665545999995,0.400875696052825,S7
22,TENSALRLQV,5,14,10,H2-Kk,1130,0.2,TENSALRQV,TENSALRLQV,0.627401,0.29,TENSALRQV,TENSALRLQV,37.72,0.11,-0.16959,0.9918390000000002,-0.0463912662,-1.5765716840652908,0.9454477338000002,-0.6311239502652907,S7
65,MEACVSIAQLL,11,21,11,H2-Kk,3298,0.31,MEASIAQLL,MEACVSIAQLL,0.464487,0.52,MEASIAQLL,MEACVSIAQLL,31.68,0.1,-0.10026,1.4180130000000002,0.4521994624,-1.500785172917456,1.8702124624000005,0.3694272894825443,S7
65,MEACVSIAQL,11,20,10,H2-Kk,3286,0.62,MEAVSIAQL,MEACVSIAQL,0.301603,1.1,MEAVSIAQL,MEACVSIAQL,42.84,0.13,-0.07183,1.313807,0.4521994624,-1.631849462159818,1.7660064624,0.1341570002401819,S7
25,NEHIMESVL,8,16,9,H2-Kk,1370,0.08,NEHIMESVL,NEHIMESVL,0.856822,0.06,NEHIMESVL,NEHIMESVL,32.66,0.1,-0.04783,1.3513239999999995,0.4076028247,-1.5140161804006491,1.7589268246999998,0.2449106442993505,S8
13,LESIKSQI,2,9,8,H2-Kk,750,0.09,LES-IKSQI,LESIKSQI,0.851684,0.06,LES-IKSQI,LESIKSQI,38.88,0.12,-0.38327,0.979517,0.229827957,-1.589726256254237,1.209344957,-0.380381299254237,S8
7,EEGLRLSTV,9,17,9,H2-Kk,471,0.11,EEGLRLSTV,EEGLRLSTV,0.839078,0.08,EEGLRLSTV,EEGLRLSTV,43.27,0.13,-0.07714,1.1506,-0.0597938837,-1.6361868951987244,1.0908061163,-0.5453807788987244,S8
25,NEHIMESV,8,15,8,H2-Kk,1356,0.15,NEH-IMESV,NEHIMESV,0.775192,0.14,NEH-IMESV,NEHIMESV,48.79,0.15,-0.07195,1.07569,0.1264450497,-1.6883308181122665,1.2021350497,-0.4861957684122662,S8
25,NEHIMESVLI,8,17,10,H2-Kk,1383,0.18,NEHMESVLI,NEHIMESVLI,0.589386,0.33,NEHMESVLI,NEHIMESVLI,13.44,0.03,-0.05645,1.3592079999999995,0.2223937527,-1.1283992687178064,1.5816017526999997,0.4532024839821933,S8
44,WEGPRCEI,3,10,8,H2-Kk,2301,0.28,WE-GPRCEI,WEGPRCEI,0.522365,0.42,WE-GPRCEI,WEGPRCEI,49.33,0.15,0.08399,1.199259,0.1566209811,-1.6931111154621412,1.3558799811000002,-0.337231134362141,S8
57,MEMHCIDI,4,11,8,H2-Kk,2952,0.34,MEM-HCIDI,MEMHCIDI,0.41696,0.65,MEM-HCIDI,MEMHCIDI,14.23,0.04,0.06705,0.748562,0.2176920286999999,-1.1532049000842843,0.9662540287,-0.1869508713842844,S8
36,NESEATRRI,6,14,9,H2-Kk,2294,0.02,NESEATRRI,NESEATRRI,0.973779,0.01,NESEATRRI,NESEATRRI,9.15,0.02,0.19561,1.2526239999999995,0.1141327929999999,-0.9614210940664484,1.3667567929999995,0.4053356989335512,S9
64,MESRLASEI,11,19,9,H2-Kk,3699,0.02,MESRLASEI,MESRLASEI,0.932861,0.02,MESRLASEI,MESRLASEI,4.16,0.01,-0.05671,0.8238289999999999,0.2578579742999999,-0.6190933306267428,1.0816869743,0.4625936436732571,S9
63,TEYKLVVV,1,8,8,H2-Kk,3625,0.08,TEY-KLVVV,TEYKLVVV,0.858533,0.06,TEY-KLVVV,TEYKLVVV,33.84,0.1,-0.1553,1.330313,0.2112512784,-1.529430354366986,1.5415642784,0.012133924033014,S9
29,NELNFVYV,8,15,8,H2-Kk,1932,0.16,NEL-NFVYV,NELNFVYV,0.672474,0.23,NEL-NFVYV,NELNFVYV,28.03,0.09,0.13963,1.173334,0.1209071567,-1.4476230977602862,1.2942411566999998,-0.1533819410602863,S9
62,NELLTLGL,8,15,8,H2-Kk,3582,0.18,NEL-LTLGL,NELLTLGL,0.679922,0.22,NEL-LTLGL,NELLTLGL,49.51,0.15,0.0412,1.6260380000000003,0.3574678104,-1.694692926331484,1.9835058104000003,0.2888128840685162,S9
64,MESRLASEIL,11,20,10,H2-Kk,3712,0.46,MESRLASEL,MESRLASEIL,0.359659,0.83,MESRLASEL,MESRLASEIL,33.74,0.1,0.03221,1.662899,0.4430670463,-1.5281450782531063,2.1059660463,0.5778209680468933,S9
57,LEYMSLSRRFI,8,18,11,H2-Kk,3371,0.7,LEYLSRRFI,LEYMSLSRRFI,0.262508,1.3,LEYLSRRFI,LEYMSLSRRFI,32.01,0.1,-0.3501,1.183774,0.2100210675,-1.5052856741441325,1.3937950675000002,-0.1114906066441321,S9
22,EENLITALV,11,19,9,H2-Kk,1075,0.02,EENLITALV,EENLITALV,0.923278,0.02,EENLITALV,EENLITALV,12.96,0.03,0.17942,1.102811,-0.0631882841,-1.1126050015345743,1.0396227159,-0.0729822856345745,S11
35,TEALIAEL,10,17,8,H2-Kk,1710,0.08,TEA-LIAEL,TEALIAEL,0.87505,0.04,TEA-LIAEL,TEALIAEL,41.48,0.12,0.25247,1.2318839999999995,0.3423470902,-1.617838747717003,1.5742310901999996,-0.0436076575170036,S11
27,LEAFFGLLI,13,21,9,H2-Kk,1327,0.1,LEAFFGLLI,LEAFFGLLI,0.744765,0.17,LEAFFGLLI,LEAFFGLLI,7.75,0.02,0.26056,1.072304,0.2252665771999999,-0.8893017025063104,1.2975705772,0.4082688746936898,S11
76,LEFFLSSI,6,13,8,H2-Kk,3756,0.12,LEF-FLSSI,LEFFLSSI,0.683181,0.22,LEF-FLSSI,LEFFLSSI,10.97,0.03,-0.15035,0.961788,0.1986121569999999,-1.0402066275747113,1.160400157,0.1201935294252888,S11
76,LEFFLSSIF,6,14,9,H2-Kk,3770,0.27,LEFFLSSIF,LEFFLSSIF,0.513026,0.43,LEFFLSSIF,LEFFLSSIF,37.31,0.11,-0.07259,1.3633969999999995,1.067035254,-1.571825249040829,2.4304322539999994,0.8586070049591705,S11
27,LEAFFGLL,13,20,8,H2-Kk,1313,0.32,LEA-FFGLL,LEAFFGLL,0.454643,0.54,LEA-FFGLL,LEAFFGLL,31.02,0.1,0.26704,1.187412,0.4104756492,-1.491641793477586,1.5978876492,0.1062458557224141,S11
1,LEQPNVVRAFI,7,17,11,H2-Kk,46,0.36,LEQPNVVRI,LEQPNVVRAFI,0.435253,0.58,LEQPNVVRI,LEQPNVVRAFI,49.63,0.15,0.17548,1.024482,0.1642927951999999,-1.6957442751973233,1.1887747951999998,-0.5069694799973234,S11
58,VEFYLGPV,9,16,8,H2-Kk,2859,0.36,VEFYLGP-V,VEFYLGPV,0.423271,0.63,VEFYLGP-V,VEFYLGPV,34.24,0.1,0.04602,0.521034,0.1388969042,-1.5345337560051155,0.6599309042,-0.8746028518051154,S11
24,DESWMQREV,2,10,9,H2-Kk,1166,0.05,DESWMQREV,DESWMQREV,0.884664,0.04,DESWMQREV,DESWMQREV,19.98,0.06,-0.00867,1.131647,-0.0758976478,-1.3005954838899636,1.0557493522,-0.2448461316899635,S13
51,QEAEMKCI,1,8,8,H2-Kk,2501,0.08,QEAEM-KCI,QEAEMKCI,0.815227,0.1,QEAEM-KCI,QEAEMKCI,21.4,0.06,-0.30605,1.171342,0.2077951424,-1.3304137733491908,1.3791371423999998,0.048723369050809,S13
62,MEQAYQFL,2,9,8,H2-Kk,3052,0.11,MEQ-AYQFL,MEQAYQFL,0.746283,0.17,MEQ-AYQFL,MEQAYQFL,15.3,0.04,-0.01207,1.5005510000000002,0.4308523146,-1.1846914308175989,1.9314033146000005,0.7467118837824014,S13
53,FETCDVHI,3,10,8,H2-Kk,2603,0.38,FETCDVH-I,FETCDVHI,0.419749,0.64,FETCDVH-I,FETCDVHI,43.79,0.13,0.04611,1.184324,0.1365685579999999,-1.6413749451921256,1.320892558,-0.3204823871921256,S13
15,METGVWAAEFI,6,16,11,H2-Kk,745,0.7,METGVAEFI,METGVWAAEFI,0.250479,1.3,METGVAEFI,METGVWAAEFI,31.77,0.1,0.53043,1.3051940000000002,0.2384698851,-1.5020172148271471,1.5436638851000002,0.0416466702728528,S13
62,LEMRLVNSV,3,11,9,H2-Kk,3227,0.04,LEMRLVNSV,LEMRLVNSV,0.861356,0.06,LEMRLVNSV,LEMRLVNSV,8.28,0.02,-0.07898,1.1231640000000005,0.1677180725,-0.91803033678488,1.2908820725000003,0.3728517357151202,S14
54,MEARLERVL,12,20,9,H2-Kk,2836,0.07,MEARLERVL,MEARLERVL,0.838665,0.08,MEARLERVL,MEARLERVL,22.77,0.06,0.21603,1.60708,0.4426608318,-1.3573630306151427,2.0497408318000003,0.6923778011848574,S14
55,MEARFERVL,7,15,9,H2-Kk,2881,0.07,MEARFERVL,MEARFERVL,0.827591,0.09,MEARFERVL,MEARFERVL,19.22,0.05,0.34083,1.5675140000000003,0.4289670359,-1.2837533833325263,1.9964810359000005,0.7127276525674737,S14
31,YERKYGHKL,9,17,9,H2-Kk,1683,0.08,YERKYGHKL,YERKYGHKL,0.897309,0.04,YERKYGHKL,YERKYGHKL,39.08,0.12,-0.2706,1.4700249999999997,0.3739412393,-1.5919545550467356,1.8439662393,0.2520116842532642,S14
73,YEIEELSKTV,11,20,10,H2-Kk,3798,0.09,YEIELSKTV,YEIEELSKTV,0.802996,0.11,YEIELSKTV,YEIEELSKTV,25.23,0.07,-0.0844,1.341541,0.025147999,-1.4019172505175743,1.366688999,-0.0352282515175745,S14
2,VELKGASLL,3,11,9,H2-Kk,121,0.1,VELKGASLL,VELKGASLL,0.82896,0.08,VELKGASLL,VELKGASLL,34.56,0.11,-0.29687,1.255349,0.39650002,-1.5385737338068557,1.65184902,0.1132752861931443,S14
46,NERDNCQYV,1,9,9,H2-Kk,2425,0.14,NERDNCQYV,NERDNCQYV,0.769824,0.15,NERDNCQYV,NERDNCQYV,40.83,0.12,-0.11785,1.270071,0.2083445426,-1.610979379922997,1.4784155426,-0.1325638373229971,S14
55,MEARFERV,7,14,8,H2-Kk,2867,0.21,MEA-RFERV,MEARFERV,0.634818,0.28,MEA-RFERV,MEARFERV,47.93,0.14,0.31671,0.8795569999999999,0.1478092609,-1.6806074289917878,1.0273662608999998,-0.653241168091788,S14
16,LEAAATYV,2,9,8,H2-Kk,912,0.22,LEA-AATYV,LEAAATYV,0.583858,0.34,LEA-AATYV,LEAAATYV,29.41,0.1,0.12359,1.022836,0.1469871754999999,-1.4684950245070694,1.1698231755,-0.2986718490070692,S14
62,NLEMRLVNSV,2,11,10,H2-Kk,3239,0.28,NEMRLVNSV,NLEMRLVNSV,0.475794,0.49,NEMRLVNSV,NLEMRLVNSV,25.4,0.07,-0.16786,1.1231640000000005,0.1210763713,-1.404833716619938,1.2442403713000003,-0.1605933453199377,S14
54,MEARLERVLV,12,21,10,H2-Kk,2849,0.44,MEARLRVLV,MEARLERVLV,0.373142,0.78,MEARLRVLV,MEARLERVLV,28.55,0.09,0.22856,1.123109,0.1615030568,-1.455606112581867,1.2846120568,-0.170994055781867,S14
55,MEARFERVLV,7,16,10,H2-Kk,2894,0.49,MEARFRVLV,MEARFERVLV,0.334922,0.91,MEARFRVLV,MEARFERVLV,25.46,0.07,0.35336,1.152408,0.1478092609,-1.4058583993176366,1.3002172608999998,-0.1056411384176367,S14
