seq..,peptide,start,end,peptide.length,allele,peptide.index,median.binding.percentile,netmhcpan_el.core,netmhcpan_el.icore,netmhcpan_el.score,netmhcpan_el.percentile,netmhcpan_ba.core,netmhcpan_ba.icore,netmhcpan_ba.IC50,netmhcpan_ba.percentile,immunogenicity.score,proteasome.score,tap.score,mhc.score,processing.score,processing.total.score,Sample_ID,Gene,Transcript,Type,Mutation_Type,Sample,Sample.ID,ID,Gene.name,Counts,Condition
41,IPRLLLDRL,1,9,9,H2-Ld,2015,0.02,IPRLLLDRL,IPRLLLDRL,0.735127,0.02,IPRLLLDRL,IPRLLLDRL,157.69,0.03,0.03336,1.627499,0.3026393954,-2.19780415317341,1.9301383954,-0.26766575777341,S13,Haus6,ENSMUST00000070607,missense,snv,11,X99,ENSMUSG00000038047,Haus6,281,Ure_RT
41,IPRLLLDRL,1,9,9,H2-Ld,2015,0.02,IPRLLLDRL,IPRLLLDRL,0.735127,0.02,IPRLLLDRL,IPRLLLDRL,157.69,0.03,0.03336,1.627499,0.3026393954,-2.19780415317341,1.9301383954,-0.26766575777341,S13,Haus6,ENSMUST00000070607,missense,snv,11,X99,ENSMUSG00000038047,Haus6,281,Ure_RT
75,SPLLLLLCL,2,10,9,H2-Ld,3647,0.02,SPLLLLLCL,SPLLLLLCL,0.698636,0.02,SPLLLLLCL,SPLLLLLCL,132.4,0.03,-0.07686,1.592404,0.3307832774,-2.12188798510368,1.9231872774,-0.19870070770368,S13,Napsa,ENSMUST00000002274,inframe_del,indel,11,X99,ENSMUSG00000002204,Napsa,7046,Ure_RT
75,SPLLLLLCL,2,10,9,H2-Ld,3647,0.02,SPLLLLLCL,SPLLLLLCL,0.698636,0.02,SPLLLLLCL,SPLLLLLCL,132.4,0.03,-0.07686,1.592404,0.3307832774,-2.12188798510368,1.9231872774,-0.19870070770368,S13,Napsa,ENSMUST00000002274,inframe_del,indel,11,X99,ENSMUSG00000002204,Napsa,7046,Ure_RT
2,LPSYSGYLEL,5,14,10,H2-Ld,82,0.04,LPYSGYLEL,LPSYSGYLEL,0.539263,0.05,LPYSGYLEL,LPSYSGYLEL,214.43,0.04,-0.13986,1.764776,0.3458591661,-2.33128554558701,2.1106351661,-0.220650379487009,S13,Lama4,ENSMUST00000019992,missense,snv,11,X99,ENSMUSG00000019846,Lama4,2663,Ure_RT
2,LPSYSGYLEL,5,14,10,H2-Ld,82,0.04,LPYSGYLEL,LPSYSGYLEL,0.539263,0.05,LPYSGYLEL,LPSYSGYLEL,214.43,0.04,-0.13986,1.764776,0.3458591661,-2.33128554558701,2.1106351661,-0.220650379487009,S13,Lama4,ENSMUST00000019992,missense,snv,11,X99,ENSMUSG00000019846,Lama4,2663,Ure_RT
24,DESWMQREV,2,10,9,H2-Kk,1166,0.05,DESWMQREV,DESWMQREV,0.884664,0.04,DESWMQREV,DESWMQREV,19.98,0.06,-0.00867,1.131647,-0.0758976478,-1.30059548388996,1.0557493522,-0.244846131689963,S13,Kdm2a,ENSMUST00000047898,missense,snv,11,X99,ENSMUSG00000054611,Kdm2a,2843,Ure_RT
24,DESWMQREV,2,10,9,H2-Kk,1166,0.05,DESWMQREV,DESWMQREV,0.884664,0.04,DESWMQREV,DESWMQREV,19.98,0.06,-0.00867,1.131647,-0.0758976478,-1.30059548388996,1.0557493522,-0.244846131689963,S13,Kdm2a,ENSMUST00000047898,missense,snv,11,X99,ENSMUSG00000054611,Kdm2a,2843,Ure_RT
62,MEQAYQFL,2,9,8,H2-Kk,3052,0.11,MEQ-AYQFL,MEQAYQFL,0.746283,0.17,MEQ-AYQFL,MEQAYQFL,15.3,0.04,-0.01207,1.500551,0.4308523146,-1.1846914308176,1.9314033146,0.746711883782401,S13,Tmppe,ENSMUST00000111820,missense,snv,11,X99,ENSMUSG00000079260,Tmppe,212,Ure_RT
62,MEQAYQFL,2,9,8,H2-Kk,3052,0.11,MEQ-AYQFL,MEQAYQFL,0.746283,0.17,MEQ-AYQFL,MEQAYQFL,15.3,0.04,-0.01207,1.500551,0.4308523146,-1.1846914308176,1.9314033146,0.746711883782401,S13,Tmppe,ENSMUST00000111820,missense,snv,11,X99,ENSMUSG00000079260,Tmppe,212,Ure_RT
65,VEIPPALMV,4,12,9,H2-Kk,3218,0.13,VEIPPALMV,VEIPPALMV,0.911339,0.02,VEIPPALMV,VEIPPALMV,74.05,0.24,-0.05389,1.309723,0.1536405434,-1.86952506285723,1.4633635434,-0.406161519457228,S13,Diaph2,ENSMUST00000037854,missense,snv,11,X99,ENSMUSG00000034480,Diaph2,950,Ure_RT
65,VEIPPALMV,4,12,9,H2-Kk,3218,0.13,VEIPPALMV,VEIPPALMV,0.911339,0.02,VEIPPALMV,VEIPPALMV,74.05,0.24,-0.05389,1.309723,0.1536405434,-1.86952506285723,1.4633635434,-0.406161519457228,S13,Diaph2,ENSMUST00000037854,missense,snv,11,X99,ENSMUSG00000034480,Diaph2,950,Ure_RT
70,LELQQQQQV,4,12,9,H2-Kk,3412,0.16,LELQQQQQV,LELQQQQQV,0.875321,0.04,LELQQQQQV,LELQQQQQV,89.11,0.27,-0.50744,1.049827,0.1299682859,-1.94992644366791,1.1797952859,-0.770131157767912,S13,Tmcc2,ENSMUST00000045473,inframe_del,indel,11,X99,ENSMUSG00000042066,Tmcc2,3515,Ure_RT
70,LELQQQQQV,4,12,9,H2-Kk,3412,0.16,LELQQQQQV,LELQQQQQV,0.875321,0.04,LELQQQQQV,LELQQQQQV,89.11,0.27,-0.50744,1.049827,0.1299682859,-1.94992644366791,1.1797952859,-0.770131157767912,S13,Tmcc2,ENSMUST00000045473,inframe_del,indel,11,X99,ENSMUSG00000042066,Tmcc2,3515,Ure_RT
71,EEKEQVQRV,9,17,9,H2-Kk,3466,0.28,EEKEQVQRV,EEKEQVQRV,0.924173,0.02,EEKEQVQRV,EEKEQVQRV,210.76,0.53,-0.11071,1.311891,-0.0860481242,-2.32378818990075,1.2258428758,-1.09794531410075,S13,Kif16b,ENSMUST00000043589,inframe_del,indel,11,X99,ENSMUSG00000038844,Kif16b,936,Ure_RT
71,EEKEQVQRV,9,17,9,H2-Kk,3466,0.28,EEKEQVQRV,EEKEQVQRV,0.924173,0.02,EEKEQVQRV,EEKEQVQRV,210.76,0.53,-0.11071,1.311891,-0.0860481242,-2.32378818990075,1.2258428758,-1.09794531410075,S13,Kif16b,ENSMUST00000043589,inframe_del,indel,11,X99,ENSMUSG00000038844,Kif16b,936,Ure_RT
18,SEPREVRSYV,8,17,10,H2-Kk,885,0.29,SEREVRSYV,SEPREVRSYV,0.552911,0.38,SEREVRSYV,SEPREVRSYV,63.25,0.2,0.09312,0.663785,0.1136906944,-1.80106052984786,0.7774756944,-1.02358483544786,S13,Plec,ENSMUST00000073418,missense,snv,11,X99,ENSMUSG00000022565,Plec,7867,Ure_RT
18,SEPREVRSYV,8,17,10,H2-Kk,885,0.29,SEREVRSYV,SEPREVRSYV,0.552911,0.38,SEREVRSYV,SEPREVRSYV,63.25,0.2,0.09312,0.663785,0.1136906944,-1.80106052984786,0.7774756944,-1.02358483544786,S13,Plec,ENSMUST00000073418,missense,snv,11,X99,ENSMUSG00000022565,Plec,7867,Ure_RT
36,SESPNSESL,9,17,9,H2-Kk,1773,0.34,SESPNSESL,SESPNSESL,0.857574,0.06,SESPNSESL,SESPNSESL,253.25,0.62,-0.23905,1.599014,0.3993485218,-2.40354945403232,1.9983625218,-0.405186932232318,S13,Tshz2,ENSMUST00000109157,missense,snv,11,X99,ENSMUSG00000047907,Tshz2,202,Ure_RT
36,SESPNSESL,9,17,9,H2-Kk,1773,0.34,SESPNSESL,SESPNSESL,0.857574,0.06,SESPNSESL,SESPNSESL,253.25,0.62,-0.23905,1.599014,0.3993485218,-2.40354945403232,1.9983625218,-0.405186932232318,S13,Tshz2,ENSMUST00000109157,missense,snv,11,X99,ENSMUSG00000047907,Tshz2,202,Ure_RT
23,LEYLSSLSRLL,3,13,11,H2-Kk,1142,0.38,LEYSLSRLL,LEYLSSLSRLL,0.434393,0.58,LEYSLSRLL,LEYLSSLSRLL,54.57,0.17,-0.46389,1.327923,0.3952301395,-1.73695395378315,1.7231531395,-0.0138008142831461,S13,Rttn,ENSMUST00000023828,missense,snv,11,X99,ENSMUSG00000023066,Rttn,139,Ure_RT
23,LEYLSSLSRLL,3,13,11,H2-Kk,1142,0.38,LEYSLSRLL,LEYLSSLSRLL,0.434393,0.58,LEYSLSRLL,LEYLSSLSRLL,54.57,0.17,-0.46389,1.327923,0.3952301395,-1.73695395378315,1.7231531395,-0.0138008142831461,S13,Rttn,ENSMUST00000023828,missense,snv,11,X99,ENSMUSG00000023066,Rttn,139,Ure_RT
53,FETCDVHI,3,10,8,H2-Kk,2603,0.38,FETCDVH-I,FETCDVHI,0.419749,0.64,FETCDVH-I,FETCDVHI,43.79,0.13,0.04611,1.184324,0.136568558,-1.64137494519213,1.320892558,-0.320482387192126,S13,Klhl42,ENSMUST00000036003,missense,snv,11,X99,ENSMUSG00000040102,Klhl42,403,Ure_RT
53,FETCDVHI,3,10,8,H2-Kk,2603,0.38,FETCDVH-I,FETCDVHI,0.419749,0.64,FETCDVH-I,FETCDVHI,43.79,0.13,0.04611,1.184324,0.136568558,-1.64137494519213,1.320892558,-0.320482387192126,S13,Klhl42,ENSMUST00000036003,missense,snv,11,X99,ENSMUSG00000040102,Klhl42,403,Ure_RT
41,LEDQICRLQI,9,18,10,H2-Kk,2036,0.4,LEDQIRLQI,LEDQICRLQI,0.436236,0.58,LEDQIRLQI,LEDQICRLQI,66.03,0.22,-0.06058,1.242987,0.1553391267,-1.81974129727301,1.3983261267,-0.42141517057301,S13,Haus6,ENSMUST00000070607,missense,snv,11,X99,ENSMUSG00000038047,Haus6,281,Ure_RT
41,LEDQICRLQI,9,18,10,H2-Kk,2036,0.4,LEDQIRLQI,LEDQICRLQI,0.436236,0.58,LEDQIRLQI,LEDQICRLQI,66.03,0.22,-0.06058,1.242987,0.1553391267,-1.81974129727301,1.3983261267,-0.42141517057301,S13,Haus6,ENSMUST00000070607,missense,snv,11,X99,ENSMUSG00000038047,Haus6,281,Ure_RT
60,REQFGARGV,10,18,9,H2-Kk,2974,0.43,REQFGARGV,REQFGARGV,0.486288,0.47,REQFGARGV,REQFGARGV,137.26,0.39,0.21351,1.072093,0.2258741122,-2.13754399455465,1.2979671122,-0.839576882354652,S13,Rexo2,ENSMUST00000034524,missense,snv,11,X99,ENSMUSG00000032026,Rexo2,1293,Ure_RT
60,REQFGARGV,10,18,9,H2-Kk,2974,0.43,REQFGARGV,REQFGARGV,0.486288,0.47,REQFGARGV,REQFGARGV,137.26,0.39,0.21351,1.072093,0.2258741122,-2.13754399455465,1.2979671122,-0.839576882354652,S13,Rexo2,ENSMUST00000034524,missense,snv,11,X99,ENSMUSG00000032026,Rexo2,1293,Ure_RT
65,VEIPPALM,4,11,8,H2-Kk,3204,0.44,VEI-PPALM,VEIPPALM,0.710179,0.2,VEI-PPALM,VEIPPALM,284.25,0.68,0.04871,0.956181,0.1503767894,-2.45370047335977,1.1065577894,-1.34714268395977,S13,Diaph2,ENSMUST00000037854,missense,snv,11,X99,ENSMUSG00000034480,Diaph2,950,Ure_RT
65,VEIPPALM,4,11,8,H2-Kk,3204,0.44,VEI-PPALM,VEIPPALM,0.710179,0.2,VEI-PPALM,VEIPPALM,284.25,0.68,0.04871,0.956181,0.1503767894,-2.45370047335977,1.1065577894,-1.34714268395977,S13,Diaph2,ENSMUST00000037854,missense,snv,11,X99,ENSMUSG00000034480,Diaph2,950,Ure_RT
23,LEYLSSLSRL,3,12,10,H2-Kk,1130,0.49,LEYLSSSRL,LEYLSSLSRL,0.406718,0.69,LEYLSSSRL,LEYLSSLSRL,98.12,0.29,-0.45438,1.10445,0.3952301395,-1.99175753953435,1.4996801395,-0.492077400034348,S13,Rttn,ENSMUST00000023828,missense,snv,11,X99,ENSMUSG00000023066,Rttn,139,Ure_RT
23,LEYLSSLSRL,3,12,10,H2-Kk,1130,0.49,LEYLSSSRL,LEYLSSLSRL,0.406718,0.69,LEYLSSSRL,LEYLSSLSRL,98.12,0.29,-0.45438,1.10445,0.3952301395,-1.99175753953435,1.4996801395,-0.492077400034348,S13,Rttn,ENSMUST00000023828,missense,snv,11,X99,ENSMUSG00000023066,Rttn,139,Ure_RT
13,EEEEAAAAM,8,16,9,H2-Kk,622,0.51,EEEEAAAAM,EEEEAAAAM,0.656928,0.26,EEEEAAAAM,EEEEAAAAM,329.21,0.76,0.26406,1.15551,-0.0345629209,-2.51747301876034,1.1209470791,-1.39652593966034,S13,Sp4,ENSMUST00000222314,missense,snv,11,X99,ENSMUSG00000025323,Sp4,503,Ure_RT
13,EEEEAAAAM,8,16,9,H2-Kk,622,0.51,EEEEAAAAM,EEEEAAAAM,0.656928,0.26,EEEEAAAAM,EEEEAAAAM,329.21,0.76,0.26406,1.15551,-0.0345629209,-2.51747301876034,1.1209470791,-1.39652593966034,S13,Sp4,ENSMUST00000222314,missense,snv,11,X99,ENSMUSG00000025323,Sp4,503,Ure_RT
12,TEEDRRRL,6,13,8,H2-Kk,556,0.57,TE-EDRRRL,TEEDRRRL,0.696351,0.21,TE-EDRRRL,TEEDRRRL,456.73,0.93,0.19762,1.458355,0.3064456751,-2.65965953888213,1.7648006751,-0.894858863782133,S13,Syne2,ENSMUST00000044217,missense,snv,11,X99,ENSMUSG00000063450,Syne2,2930,Ure_RT
12,TEEDRRRL,6,13,8,H2-Kk,556,0.57,TE-EDRRRL,TEEDRRRL,0.696351,0.21,TE-EDRRRL,TEEDRRRL,456.73,0.93,0.19762,1.458355,0.3064456751,-2.65965953888213,1.7648006751,-0.894858863782133,S13,Syne2,ENSMUST00000044217,missense,snv,11,X99,ENSMUSG00000063450,Syne2,2930,Ure_RT
40,VDSLSGTEI,11,19,9,H2-Kk,1975,0.57,VDSLSGTEI,VDSLSGTEI,0.497649,0.45,VDSLSGTEI,VDSLSGTEI,292.03,0.7,-0.1028,1.104049,0.1096497246,-2.46542746845257,1.2136987246,-1.25172874385257,S13,Fktn,ENSMUST00000128667,missense,snv,11,X99,ENSMUSG00000028414,Fktn,754,Ure_RT
40,VDSLSGTEI,11,19,9,H2-Kk,1975,0.57,VDSLSGTEI,VDSLSGTEI,0.497649,0.45,VDSLSGTEI,VDSLSGTEI,292.03,0.7,-0.1028,1.104049,0.1096497246,-2.46542746845257,1.2136987246,-1.25172874385257,S13,Fktn,ENSMUST00000128667,missense,snv,11,X99,ENSMUSG00000028414,Fktn,754,Ure_RT
61,IDAAIFRTL,11,19,9,H2-Kk,3025,0.62,IDAAIFRTL,IDAAIFRTL,0.505687,0.43,IDAAIFRTL,IDAAIFRTL,374.99,0.82,0.35823,1.491928,0.2869106601,-2.57401968638712,1.7788386601,-0.795181026287117,S13,Sema3f,ENSMUST00000192727,missense,snv,11,X99,ENSMUSG00000034684,Sema3f,4380,Ure_RT
61,IDAAIFRTL,11,19,9,H2-Kk,3025,0.62,IDAAIFRTL,IDAAIFRTL,0.505687,0.43,IDAAIFRTL,IDAAIFRTL,374.99,0.82,0.35823,1.491928,0.2869106601,-2.57401968638712,1.7788386601,-0.795181026287117,S13,Sema3f,ENSMUST00000192727,missense,snv,11,X99,ENSMUSG00000034684,Sema3f,4380,Ure_RT
41,LEDQICRL,9,16,8,H2-Kk,2009,0.63,LEDQICR-L,LEDQICRL,0.494159,0.45,LEDQICR-L,LEDQICRL,369.36,0.81,0.01317,1.755649,0.3405481987,-2.56744986154308,2.0961971987,-0.471252662843085,S13,Haus6,ENSMUST00000070607,missense,snv,11,X99,ENSMUSG00000038047,Haus6,281,Ure_RT
41,LEDQICRL,9,16,8,H2-Kk,2009,0.63,LEDQICR-L,LEDQICRL,0.494159,0.45,LEDQICR-L,LEDQICRL,369.36,0.81,0.01317,1.755649,0.3405481987,-2.56744986154308,2.0961971987,-0.471252662843085,S13,Haus6,ENSMUST00000070607,missense,snv,11,X99,ENSMUSG00000038047,Haus6,281,Ure_RT
50,AEIVYRFTTV,3,12,10,H2-Kk,2480,0.68,AEIVRFTTV,AEIVYRFTTV,0.313792,1.0,AEIVRFTTV,AEIVYRFTTV,123.63,0.35,0.29718,1.186596,0.1478535323,-2.09212386924425,1.3344495323,-0.75767433694425,S13,Agbl3,ENSMUST00000115016,missense,snv,11,X99,ENSMUSG00000038836,Agbl3,141,Ure_RT
50,AEIVYRFTTV,3,12,10,H2-Kk,2480,0.68,AEIVRFTTV,AEIVYRFTTV,0.313792,1.0,AEIVRFTTV,AEIVYRFTTV,123.63,0.35,0.29718,1.186596,0.1478535323,-2.09212386924425,1.3344495323,-0.75767433694425,S13,Agbl3,ENSMUST00000115016,missense,snv,11,X99,ENSMUSG00000038836,Agbl3,141,Ure_RT
39,EEQAVWSRNF,6,15,10,H2-Kk,1933,0.74,EEQAVSRNF,EEQAVWSRNF,0.379364,0.76,EEQAVSRNF,EEQAVWSRNF,302.94,0.71,0.14184,1.240896,0.9165867068,-2.48135662107913,2.1574827068,-0.32387391427913,S13,Ccdc180,ENSMUST00000178561,missense,snv,11,X99,ENSMUSG00000035539,Ccdc180,173,Ure_RT
39,EEQAVWSRNF,6,15,10,H2-Kk,1933,0.74,EEQAVSRNF,EEQAVWSRNF,0.379364,0.76,EEQAVSRNF,EEQAVWSRNF,302.94,0.71,0.14184,1.240896,0.9165867068,-2.48135662107913,2.1574827068,-0.32387391427913,S13,Ccdc180,ENSMUST00000178561,missense,snv,11,X99,ENSMUSG00000035539,Ccdc180,173,Ure_RT
24,MQREVRMSV,6,14,9,H2-Kk,1170,1.02,MQREVRMSV,MQREVRMSV,0.288257,1.1,MQREVRMSV,MQREVRMSV,467.86,0.94,-0.03839,0.855524,0.1850295087,-2.67011591648549,1.0405535087,-1.62956240778549,S13,Kdm2a,ENSMUST00000047898,missense,snv,11,X99,ENSMUSG00000054611,Kdm2a,2843,Ure_RT
24,MQREVRMSV,6,14,9,H2-Kk,1170,1.02,MQREVRMSV,MQREVRMSV,0.288257,1.1,MQREVRMSV,MQREVRMSV,467.86,0.94,-0.03839,0.855524,0.1850295087,-2.67011591648549,1.0405535087,-1.62956240778549,S13,Kdm2a,ENSMUST00000047898,missense,snv,11,X99,ENSMUSG00000054611,Kdm2a,2843,Ure_RT
62,MEQAYQFLA,2,10,9,H2-Kk,3066,1.02,MEQAYQFLA,MEQAYQFLA,0.203862,1.7,MEQAYQFLA,MEQAYQFLA,123.96,0.35,-0.01855,0.925852,-0.2169858684,-2.09328156756725,0.7088661316,-1.38441543596725,S13,Tmppe,ENSMUST00000111820,missense,snv,11,X99,ENSMUSG00000079260,Tmppe,212,Ure_RT
62,MEQAYQFLA,2,10,9,H2-Kk,3066,1.02,MEQAYQFLA,MEQAYQFLA,0.203862,1.7,MEQAYQFLA,MEQAYQFLA,123.96,0.35,-0.01855,0.925852,-0.2169858684,-2.09328156756725,0.7088661316,-1.38441543596725,S13,Tmppe,ENSMUST00000111820,missense,snv,11,X99,ENSMUSG00000079260,Tmppe,212,Ure_RT
45,TENYSDKSDV,11,20,10,H2-Kk,2238,1.06,TENYSDKSV,TENYSDKSDV,0.272184,1.2,TENYSDKSV,TENYSDKSDV,457.52,0.93,-0.47498,0.65276,0.030270955,-2.66041008353862,0.683030955,-1.97737912853862,S13,Slc4a4,ENSMUST00000156238,missense,snv,11,X99,ENSMUSG00000060961,Slc4a4,433,Ure_RT
45,TENYSDKSDV,11,20,10,H2-Kk,2238,1.06,TENYSDKSV,TENYSDKSDV,0.272184,1.2,TENYSDKSV,TENYSDKSDV,457.52,0.93,-0.47498,0.65276,0.030270955,-2.66041008353862,0.683030955,-1.97737912853862,S13,Slc4a4,ENSMUST00000156238,missense,snv,11,X99,ENSMUSG00000060961,Slc4a4,433,Ure_RT
19,CEYTDREDM,3,11,9,H2-Kk,917,1.24,CEYTDREDM,CEYTDREDM,0.22632,1.5,CEYTDREDM,CEYTDREDM,499.69,0.98,0.20564,0.659819,0.1402946651,-2.69870065825132,0.8001136651,-1.89858699315132,S13,Tbc1d22a,ENSMUST00000063414,missense,snv,11,X99,ENSMUSG00000051864,Tbc1d22a,897,Ure_RT
19,CEYTDREDM,3,11,9,H2-Kk,917,1.24,CEYTDREDM,CEYTDREDM,0.22632,1.5,CEYTDREDM,CEYTDREDM,499.69,0.98,0.20564,0.659819,0.1402946651,-2.69870065825132,0.8001136651,-1.89858699315132,S13,Tbc1d22a,ENSMUST00000063414,missense,snv,11,X99,ENSMUSG00000051864,Tbc1d22a,897,Ure_RT
24,ESWMQREV,3,10,8,H2-Kk,1153,1.46,-ESWMQREV,ESWMQREV,0.176341,2.0,-ESWMQREV,ESWMQREV,460.92,0.93,-0.08438,1.131647,0.0782965544,-2.6636255532128,1.2099435544,-1.4536819988128,S13,Kdm2a,ENSMUST00000047898,missense,snv,11,X99,ENSMUSG00000054611,Kdm2a,2843,Ure_RT
24,ESWMQREV,3,10,8,H2-Kk,1153,1.46,-ESWMQREV,ESWMQREV,0.176341,2.0,-ESWMQREV,ESWMQREV,460.92,0.93,-0.08438,1.131647,0.0782965544,-2.6636255532128,1.2099435544,-1.4536819988128,S13,Kdm2a,ENSMUST00000047898,missense,snv,11,X99,ENSMUSG00000054611,Kdm2a,2843,Ure_RT
24,REVRMSVFRYL,8,18,11,H2-Kk,1197,1.54,REMSVFRYL,REVRMSVFRYL,0.152606,2.3,REMSVFRYL,REVRMSVFRYL,335.56,0.77,-0.0747,1.289323,0.476032151,-2.52577018572453,1.765355151,-0.760415034724525,S13,Kdm2a,ENSMUST00000047898,missense,snv,11,X99,ENSMUSG00000054611,Kdm2a,2843,Ure_RT
24,REVRMSVFRYL,8,18,11,H2-Kk,1197,1.54,REMSVFRYL,REVRMSVFRYL,0.152606,2.3,REMSVFRYL,REVRMSVFRYL,335.56,0.77,-0.0747,1.289323,0.476032151,-2.52577018572453,1.765355151,-0.760415034724525,S13,Kdm2a,ENSMUST00000047898,missense,snv,11,X99,ENSMUSG00000054611,Kdm2a,2843,Ure_RT
38,WEQRRLGCGL,9,18,10,H2-Kk,1886,1.99,WEQRLGCGL,WEQRRLGCGL,0.090582,3.6,WEQRLGCGL,WEQRRLGCGL,132.98,0.38,0.06028,1.535654,0.335469337,-2.12378632861537,1.871123337,-0.252662991615371,S13,Lrig2,ENSMUST00000046316,missense,snv,11,X99,ENSMUSG00000032913,Lrig2,450,Ure_RT
38,WEQRRLGCGL,9,18,10,H2-Kk,1886,1.99,WEQRLGCGL,WEQRRLGCGL,0.090582,3.6,WEQRLGCGL,WEQRRLGCGL,132.98,0.38,0.06028,1.535654,0.335469337,-2.12378632861537,1.871123337,-0.252662991615371,S13,Lrig2,ENSMUST00000046316,missense,snv,11,X99,ENSMUSG00000032913,Lrig2,450,Ure_RT
24,GDESWMQREV,1,10,10,H2-Kk,1178,2.28,DESWMQREV,DESWMQREV,0.08887,3.6,DESWMQREV,DESWMQREV,480.0,0.96,-0.09613,1.131647,-0.0107915321,-2.68124123737559,1.1208554679,-1.56038576947559,S13,Kdm2a,ENSMUST00000047898,missense,snv,11,X99,ENSMUSG00000054611,Kdm2a,2843,Ure_RT
24,GDESWMQREV,1,10,10,H2-Kk,1178,2.28,DESWMQREV,DESWMQREV,0.08887,3.6,DESWMQREV,DESWMQREV,480.0,0.96,-0.09613,1.131647,-0.0107915321,-2.68124123737559,1.1208554679,-1.56038576947559,S13,Kdm2a,ENSMUST00000047898,missense,snv,11,X99,ENSMUSG00000054611,Kdm2a,2843,Ure_RT
2,LELATLNNDV,12,21,10,H2-Kk,89,2.71,LELATLNNV,LELATLNNDV,0.066212,4.6,LELATLNNV,LELATLNNDV,371.33,0.82,0.06418,0.849688,0.0637511719,-2.56976003758635,0.9134391719,-1.65632086568635,S13,Lama4,ENSMUST00000019992,missense,snv,11,X99,ENSMUSG00000019846,Lama4,2663,Ure_RT
2,LELATLNNDV,12,21,10,H2-Kk,89,2.71,LELATLNNV,LELATLNNDV,0.066212,4.6,LELATLNNV,LELATLNNDV,371.33,0.82,0.06418,0.849688,0.0637511719,-2.56976003758635,0.9134391719,-1.65632086568635,S13,Lama4,ENSMUST00000019992,missense,snv,11,X99,ENSMUSG00000019846,Lama4,2663,Ure_RT
