"gene1","module1","X88","X89","X90","X92","X93","X94","X97","X99","X101","X103","X104","X105","X108","X109","X110","Gene.name","EntrezID"
"ENSMUSG00000025934","blue",3709,3066,3299,3582,2451,3327,6766,3312,4287,2683,3002,2186,4896,3289,5065,"Gsta3","14859"
"ENSMUSG00000025936","blue",223,223,213,332,192,248,556,230,282,167,240,127,348,192,418,"Gm4956","241041"
"ENSMUSG00000028033","blue",217,189,158,228,187,221,348,147,192,135,116,127,198,115,217,"Kcnq5","226922"
"ENSMUSG00000037138","blue",1392,1113,869,1292,1049,1080,2347,890,1295,852,758,684,1359,782,1456,"Aff3","16764"
"ENSMUSG00000026077","blue",392,266,212,174,76,66,128,139,119,57,84,106,238,101,69,"Npas2","18143"
"ENSMUSG00000026070","blue",4016,3030,3309,3336,2630,2311,4706,3113,4564,2290,2813,2961,5309,3101,4216,"Il18r1","16182"
"ENSMUSG00000042807","blue",2034,1633,1598,1904,1277,1250,3193,1501,2360,1207,1422,1263,2454,1548,2292,"Hecw2","329152"
"ENSMUSG00000052331","blue",2428,2524,1981,3401,2168,2197,4964,1922,2954,2116,1944,1802,3186,1986,3167,"Ankrd44","329154"
"ENSMUSG00000026034","blue",2891,2721,2672,3378,2808,3156,6345,2643,3060,1867,2469,2822,3274,2804,4804,"Clk1","12747"
"ENSMUSG00000067336","blue",19388,15807,12988,23495,16486,15221,35192,12521,22903,13986,13077,12457,22229,13190,23743,"Bmpr2","12168"
"ENSMUSG00000026185","blue",10622,7989,5941,11900,8257,9492,20561,7817,12571,7901,6795,6911,11696,7278,13641,"Igfbp5","16011"
"ENSMUSG00000026180","blue",155,99,311,200,155,169,609,101,185,148,108,141,204,142,239,"Cxcr2","12765"
"ENSMUSG00000043230","blue",268,211,115,157,83,51,145,84,115,66,73,48,276,66,94,"Fam124b","241128"
"ENSMUSG00000044340","blue",1732,1536,1339,1847,1613,1370,2743,1060,1730,1214,1146,1169,2060,1285,1983,"Phlpp1","98432"
"ENSMUSG00000042066","blue",5591,4967,4903,5336,3815,3475,8659,3515,5884,2686,2717,2242,5663,2517,5002,"Tmcc2","68875"
"ENSMUSG00000070643","blue",2041,1729,1433,1892,1693,1297,3218,1229,1940,1223,1411,1261,2337,1324,2303,"Sox13","20668"
"ENSMUSG00000040181","blue",9783,8268,8752,12545,8043,9025,18398,5974,9736,5196,5009,4075,10070,4507,9247,"Fmo1","14261"
"ENSMUSG00000040170","blue",30574,27297,23690,32671,23099,29468,58559,23229,35999,20726,21927,13837,38921,23817,36305,"Fmo2","55990"
"ENSMUSG00000026691","blue",851,665,745,923,609,729,1945,540,938,572,577,519,808,589,938,"Fmo3","14262"
"ENSMUSG00000007097","blue",1948,1844,1504,2213,1669,2040,3336,1445,2232,1564,1471,1368,2375,1565,3002,"Atp1a2","98660"
"ENSMUSG00000073489","blue",611,505,746,887,459,635,1243,443,574,341,295,310,611,285,519,"Ifi204","15951"
"ENSMUSG00000039377","blue",1117,1058,1387,1598,1326,1421,2834,731,1276,1043,1117,1340,1538,876,1694,"Hlx","15284"
"ENSMUSG00000058248","blue",303,223,116,146,153,160,251,224,164,112,151,144,270,135,184,"Kcnh1","16510"
"ENSMUSG00000009633","blue",739,955,877,985,677,713,1646,518,933,552,616,481,1219,616,891,"G0s2","14373"
"ENSMUSG00000045319","blue",246,263,271,206,252,209,317,172,307,125,151,181,337,207,278,"Proser2","227545"
"ENSMUSG00000036813","blue",26,43,36,43,40,56,156,10,51,36,56,10,43,28,54,"Entpd8","72090"
"ENSMUSG00000078202","blue",455,439,542,569,458,502,1213,569,705,393,415,504,967,405,866,"Nrarp","67122"
"ENSMUSG00000026961","blue",159,132,169,195,130,153,331,89,142,119,91,76,180,94,155,"Lrrc26","227618"
"ENSMUSG00000026921","blue",5622,4588,6193,6941,4911,4861,11869,4240,6451,4088,5132,5012,7611,4848,9177,"Egfl7","353156"
"ENSMUSG00000026814","blue",15484,12074,12916,14979,10111,10284,22377,10075,14875,8625,8976,8852,18689,9924,16856,"Eng","13805"
"ENSMUSG00000059013","blue",1539,1409,1537,1801,1482,1577,3257,1626,1828,1031,1409,1156,1888,1530,2242,"Sh2d3c","27387"
"ENSMUSG00000026879","blue",50107,43406,42244,54583,37828,44536,83026,32718,57011,33075,34721,24322,60357,36380,59628,"Gsn","227753"
"ENSMUSG00000035000","blue",3256,2724,2654,3892,3973,3056,6049,2459,3971,2464,2455,2675,3814,2844,4238,"Dpp4","13482"
"ENSMUSG00000049044","blue",969,842,942,1119,867,729,1808,604,1050,760,758,664,1112,815,1465,"Rapgef4","56508"
"ENSMUSG00000059588","blue",29384,26777,22651,31896,23865,20160,43149,13269,25578,17131,14832,13695,29937,13160,28154,"Calcrl","54598"
"ENSMUSG00000027074","blue",5970,5454,5448,6755,4877,5079,10829,4313,5865,3731,4251,3534,6961,4312,7663,"Slc43a3","58207"
"ENSMUSG00000044338","blue",1936,1669,1820,2918,1887,1820,3275,1216,1668,1836,1583,1782,2627,1750,2316,"Aplnr","23796"
"ENSMUSG00000027221","blue",845,817,766,1164,646,686,1658,752,1398,807,728,637,1361,648,1281,"Chst1","76969"
"ENSMUSG00000027217","blue",3580,3169,2743,4433,2830,2548,5237,1815,2950,1859,1824,1829,3385,1594,3647,"Tspan18","241556"
"ENSMUSG00000087006","blue",741,642,617,780,433,427,799,623,602,436,463,515,1187,491,657,"Gm13889","620695"
"ENSMUSG00000074971","blue",810,512,810,651,519,641,1553,519,720,488,485,356,811,546,954,"Fibin","67606"
"ENSMUSG00000041644","blue",150,69,64,86,73,67,191,49,91,41,54,31,96,33,112,"Slc5a12","241612"
"ENSMUSG00000027314","blue",2746,2564,3072,3832,2678,2819,5761,2433,3331,1939,2173,2168,4077,1993,3830,"Dll4","54485"
"ENSMUSG00000027293","blue",13021,11787,14452,20175,13550,12991,28234,10507,15851,12389,12724,11572,18524,11313,18443,"Ehd4","98878"
"ENSMUSG00000027380","blue",534,465,563,601,422,369,642,136,351,103,123,89,370,143,338,"Acoxl","74121"
"ENSMUSG00000074793","blue",2515,2069,1930,1697,1648,1031,2897,1694,2380,1434,1629,1482,2977,1646,2648,"Hspa12b","72630"
"ENSMUSG00000037014","blue",48,55,33,77,70,37,83,6,13,15,14,14,25,8,22,"Sstr4","20608"
"ENSMUSG00000074743","blue",20860,17774,16762,19408,17030,14280,31079,10820,17883,12497,11923,10690,22651,12293,22621,"Thbd","21824"
"ENSMUSG00000027442","blue",41,30,24,37,31,20,43,5,10,6,8,3,9,3,11,"Cst8","13012"
"ENSMUSG00000027463","blue",671,563,562,682,623,659,1123,367,677,553,515,463,764,549,737,"Slc52a3","69698"
"ENSMUSG00000027483","blue",8679,5998,6117,7903,3643,6492,14528,4739,8754,4529,4357,4667,6622,4374,9549,"Bpifa1","18843"
"ENSMUSG00000037754","blue",8190,7938,5675,10034,7523,6219,13459,5137,8508,5700,5294,5102,9202,5119,9507,"Ppp1r16b","228852"
"ENSMUSG00000078956","blue",172,183,204,300,150,135,195,137,165,65,81,108,137,102,186,"Gm14221","105244348"
"ENSMUSG00000074607","blue",1113,846,715,1132,669,760,1602,676,859,495,564,413,938,472,971,"Tox2","269389"
"ENSMUSG00000018209","blue",3354,2823,2273,3892,3163,2848,5625,2141,3179,2350,2059,2304,3555,2359,3295,"Stk4","58231"
"ENSMUSG00000017754","blue",9028,6785,7345,9971,7447,7026,13870,5734,7724,6202,5797,5903,9640,6288,10150,"Pltp","18830"
"ENSMUSG00000017737","blue",182,124,354,314,226,216,772,166,247,258,192,203,285,180,380,"Mmp9","17395"
"ENSMUSG00000027513","blue",566,301,375,798,181,506,1215,252,963,313,178,292,699,334,767,"Pck1","18534"
"ENSMUSG00000078866","blue",576,585,388,601,554,610,1174,457,549,487,499,370,799,498,900,"Zfp970","628308"
"ENSMUSG00000058254","blue",13095,10334,11325,14790,9719,10672,20495,6626,10773,5986,5515,4435,12715,4685,11189,"Tspan7","21912"
"ENSMUSG00000036782","blue",427,423,437,408,351,304,559,288,486,235,231,212,565,236,394,"Klhl13","67455"
"ENSMUSG00000016239","blue",419,282,150,310,204,212,475,214,295,175,210,196,397,221,265,"Lonrf3","74365"
"ENSMUSG00000031340","blue",80,87,67,92,84,77,162,36,53,30,39,47,60,23,72,"Gabre","14404"
"ENSMUSG00000031200","blue",172,158,86,206,198,152,355,105,183,96,141,129,149,99,266,"Mtcp1","17763"
"ENSMUSG00000031216","blue",2295,2186,2537,2811,2439,1977,4435,1850,2732,1859,2022,1821,2916,1895,3045,"Stard8","236920"
"ENSMUSG00000031217","blue",4358,4072,4170,4282,3338,3085,6065,2972,4078,2022,2607,2337,5235,2773,4317,"Efnb1","13641"
"ENSMUSG00000019359","blue",56,77,79,39,71,22,41,29,38,13,22,29,59,21,21,"Gdpd2","71584"
"ENSMUSG00000049804","blue",2089,1473,1441,2999,2006,1854,3737,1126,2026,1696,1529,1753,1903,1171,2058,"Armcx4","100503043"
"ENSMUSG00000043384","blue",1266,1086,734,1122,885,768,1718,741,1227,751,764,771,1316,846,1511,"Gprasp1","67298"
"ENSMUSG00000025270","blue",2147,2225,1251,2619,1527,1775,5035,642,1649,1423,933,1008,1509,831,2118,"Alas2","11656"
"ENSMUSG00000040289","blue",1473,1343,1454,2309,1138,1353,2587,1335,2079,1011,982,888,2396,1059,1939,"Hey1","15213"
"ENSMUSG00000039304","blue",4235,3610,2352,5391,4296,3441,6834,2516,4463,4094,3205,3202,5040,2634,5602,"Tnfsf10","22035"
"ENSMUSG00000037211","blue",3243,2724,2870,3512,2930,2759,5351,2069,3440,2010,2155,2354,3840,2323,3933,"Spry1","24063"
"ENSMUSG00000044864","blue",3102,2376,2006,3115,2389,2078,4482,1888,3245,1949,1916,2040,3395,1974,3138,"Ankrd50","99696"
"ENSMUSG00000027796","blue",651,470,278,528,453,455,832,340,554,364,361,413,586,338,566,"Smad9","55994"
"ENSMUSG00000027820","blue",5210,4524,3181,5303,4420,4890,8256,3133,6050,3670,3573,3064,5982,4636,5928,"Mme","17380"
"ENSMUSG00000041842","blue",1038,860,821,1108,895,781,1745,602,1158,708,682,708,1079,788,1109,"Fhdc1","229474"
"ENSMUSG00000027954","blue",1762,1277,1799,2157,1452,1434,2753,1367,1941,1370,1132,1310,2185,1430,2319,"Efna1","13636"
"ENSMUSG00000046280","blue",2433,2103,1748,2301,1786,1645,4081,1647,2681,1510,1543,1482,3051,1660,2831,"She","214547"
"ENSMUSG00000027931","blue",4189,3772,3586,4106,3609,2813,6476,2457,3609,2135,2357,2333,4525,2585,4293,"Npr1","18160"
"ENSMUSG00000074457","blue",1815,1614,1901,2081,1702,1772,3113,1392,1900,1384,1365,1339,2410,1597,2331,"S100a16","67860"
"ENSMUSG00000056071","blue",374,115,1020,369,348,363,1539,187,241,307,241,226,360,199,378,"S100a9","20202"
"ENSMUSG00000005968","blue",709,518,517,465,560,423,809,397,536,335,402,419,779,389,617,"Tuft1","22156"
"ENSMUSG00000068874","blue",9514,8547,10561,10053,9748,8676,16617,7283,10219,7389,7833,7246,11969,9470,11707,"Selenbp1","20341"
"ENSMUSG00000015850","blue",1429,1305,1123,1418,1022,797,2186,940,1372,852,1095,1102,1735,1058,1899,"Adamtsl4","229595"
"ENSMUSG00000080727","blue",181,178,142,194,157,132,343,95,155,70,117,103,117,69,248,"C920021L13Rik","100042889"
"ENSMUSG00000038543","blue",1265,1118,1173,1388,978,1018,2048,1005,1384,823,831,813,1496,845,1671,"BC028528","229600"
"ENSMUSG00000057123","blue",1562,1304,1210,1550,911,1176,2587,1554,2472,1087,884,1095,2828,1093,2043,"Gja5","14613"
"ENSMUSG00000086564","blue",85,67,108,122,91,111,248,33,88,74,69,45,106,74,128,"Cd101","630146"
"ENSMUSG00000062778","blue",967,837,629,848,844,991,1608,598,1239,651,596,459,1431,656,1314,"Chia1","81600"
"ENSMUSG00000047959","blue",171,130,63,228,201,122,276,80,199,140,127,91,152,113,218,"Kcna3","16491"
"ENSMUSG00000056145","blue",626,561,468,686,628,456,1019,362,704,550,477,333,629,418,743,"AI504432","229694"
"ENSMUSG00000040724","blue",723,768,591,881,397,416,1036,383,680,335,356,240,746,387,749,"Kcna2","16490"
"ENSMUSG00000050947","blue",720,562,580,667,582,491,979,437,741,409,388,370,812,407,721,"Amigo1","229715"
"ENSMUSG00000045092","blue",6737,5774,6021,7115,5616,6659,12270,5991,7710,3877,5245,5014,9763,6369,8554,"S1pr1","13609"
"ENSMUSG00000028116","blue",385,274,278,440,182,391,635,223,506,182,185,249,360,190,673,"Myoz2","59006"
"ENSMUSG00000027978","blue",252,151,192,276,153,214,467,225,370,153,189,132,356,143,352,"Prss12","19142"
"ENSMUSG00000046561","blue",276,255,194,261,217,216,412,175,235,192,159,137,276,136,236,"Arsj","271970"
"ENSMUSG00000040253","blue",1819,2044,1514,2309,1676,1766,3050,1533,2608,1542,1209,1179,1622,1310,2396,"Gbp7","229900"
"ENSMUSG00000040264","blue",1017,1061,850,1111,870,943,1504,809,1270,800,638,708,867,735,1307,"Gbp2b","14468"
"ENSMUSG00000045573","blue",97,85,101,113,72,108,132,35,73,25,28,29,74,28,75,"Penk","18619"
"ENSMUSG00000028248","blue",2724,2601,1884,3221,2738,2134,4967,2027,2425,1850,2438,2424,2453,1900,3980,"Pnisr","66625"
"ENSMUSG00000028444","blue",108,127,140,118,127,133,219,55,123,78,66,59,101,72,149,"Cntfr","12804"
"ENSMUSG00000028475","blue",249,210,210,191,199,133,260,134,195,97,133,109,214,125,177,"Spaar","71406"
"ENSMUSG00000028476","blue",1520,1355,1110,1692,1267,1389,2745,1052,1636,1135,1091,927,1873,1194,2040,"Reck","53614"
"ENSMUSG00000028480","blue",650,558,591,485,391,337,699,437,580,445,402,437,884,431,672,"Glipr2","384009"
"ENSMUSG00000028347","blue",622,598,731,753,680,582,1261,439,796,520,483,497,879,520,860,"Tmeff1","230157"
"ENSMUSG00000003032","blue",5556,5287,5976,4275,4246,5767,11705,4773,7810,2483,3175,4102,7901,5215,8540,"Klf4","16600"
"ENSMUSG00000059810","blue",1303,1337,1393,1970,1537,1266,2464,978,1345,1211,1151,1174,1691,1020,1590,"Rgs3","50780"
"ENSMUSG00000008305","blue",1645,1353,1781,1844,1399,1387,2853,1244,1885,1058,1174,1053,2082,1519,1957,"Tle1","21885"
"ENSMUSG00000048706","blue",1614,1277,1315,1612,1324,1516,2384,980,1695,1106,1061,1191,1925,1175,1974,"Lurap1l","52829"
"ENSMUSG00000038007","blue",6221,5732,6476,9298,6131,7413,16467,5659,9409,4074,4415,3907,8923,4388,8390,"Acer2","230379"
"ENSMUSG00000006386","blue",9087,7824,7629,10492,7136,7364,13553,5135,7146,3921,3588,3506,9119,4019,7113,"Tek","21687"
"ENSMUSG00000052684","blue",8333,7422,7890,9316,7584,7311,14772,5816,8657,5162,5434,5530,9472,5544,9554,"Jun","16476"
"ENSMUSG00000035407","blue",901,658,489,536,505,494,1068,466,734,461,501,388,941,568,830,"Kank4","242553"
"ENSMUSG00000057722","blue",2715,2334,1853,2876,2076,2435,4176,1986,2767,1573,1416,1281,3002,1516,2822,"Lepr","16847"
"ENSMUSG00000028713","blue",17563,12782,14519,16204,10496,13062,27148,10232,15954,8991,9665,8801,18104,10356,17126,"Cyp4b1","13120"
"ENSMUSG00000046093","blue",197,160,149,367,307,255,444,95,116,178,154,145,134,121,244,"Hpcal4","170638"
"ENSMUSG00000028859","blue",407,287,877,734,492,478,1644,329,441,422,435,406,525,386,716,"Csf3r","12986"
"ENSMUSG00000028909","blue",1032,977,940,1517,1164,906,2311,509,775,653,695,680,1045,622,1096,"Ptpru","19273"
"ENSMUSG00000028906","blue",3146,2838,2782,4282,2975,2971,7151,2249,3540,2426,2380,2323,3258,2336,3877,"Epb41","269587"
"ENSMUSG00000028862","blue",456,392,639,386,296,340,854,485,469,284,483,347,544,470,548,"Map3k6","53608"
"ENSMUSG00000047281","blue",263,241,217,107,137,250,194,130,264,113,95,120,411,151,258,"Sfn","55948"
"ENSMUSG00000028832","blue",1329,1247,1355,1430,1353,1106,2099,978,1367,1000,936,821,1673,1006,1753,"Stmn1","16765"
"ENSMUSG00000037266","blue",9138,8467,8106,9081,8894,7785,16047,8456,9871,5240,7155,7277,11036,8714,13450,"Rsrp1","27981"
"ENSMUSG00000057530","blue",12943,10719,11043,15390,10270,10139,20527,8726,11710,8068,8262,8376,13930,8222,14319,"Ece1","230857"
"ENSMUSG00000060572","blue",744,597,709,665,531,531,1129,470,544,372,392,348,746,394,681,"Mfap2","17150"
"ENSMUSG00000028977","blue",2914,2375,2018,2944,2453,1772,4216,1628,2758,1821,1995,1786,2844,1534,2806,"Casz1","69743"
"ENSMUSG00000002944","blue",25910,22347,23820,31460,22726,20551,39036,15209,23014,14147,12744,14996,26264,14483,24445,"Cd36","12491"
"ENSMUSG00000042453","blue",326,276,211,403,285,309,623,248,351,195,210,187,315,182,365,"Reln","19699"
"ENSMUSG00000029168","blue",488,348,304,481,332,332,809,301,462,291,284,199,490,234,516,"Dpysl5","65254"
"ENSMUSG00000037379","blue",376,282,214,172,84,84,185,145,217,89,124,105,480,116,208,"Spon2","100689"
"ENSMUSG00000054252","blue",4053,3591,3184,3578,2957,2445,6516,3028,4720,2395,2742,2429,5222,3078,5216,"Fgfr3","14184"
"ENSMUSG00000029096","blue",424,397,412,503,268,347,579,274,403,244,232,244,450,242,515,"Htra3","78558"
"ENSMUSG00000051022","blue",503,430,431,652,490,450,812,254,296,244,224,316,383,293,421,"Hs3st1","15476"
"ENSMUSG00000048373","blue",288,188,283,289,215,317,479,157,256,162,171,186,277,196,289,"Fgfbp1","14181"
"ENSMUSG00000039706","blue",2294,1926,1867,1917,1715,1534,2947,1797,2278,1312,1255,1324,2900,1446,2423,"Ldb2","16826"
"ENSMUSG00000029090","blue",1727,1614,1244,1638,1239,1263,2818,1216,1943,1188,1123,1045,2323,1229,1997,"Adgra3","70693"
"ENSMUSG00000037999","blue",1712,1561,1563,2621,1604,1553,3423,1245,2023,1449,1352,1374,2232,1375,2286,"Arap2","212285"
"ENSMUSG00000054920","blue",6033,5033,4738,5674,4540,4215,8882,3823,5101,3482,3457,3119,6847,3467,5961,"Klhl5","71778"
"ENSMUSG00000029231","blue",5357,3862,2868,5183,3112,3269,7270,3278,4668,3092,3519,3118,5697,3731,4783,"Pdgfra","18595"
"ENSMUSG00000005672","blue",4524,3803,3529,5587,3591,4193,8144,2714,3376,2672,2321,2333,4220,2393,4135,"Kit","16590"
"ENSMUSG00000029238","blue",2724,2207,1537,2267,1505,1425,3229,1920,2980,1508,1729,1651,3441,1940,2580,"Clock","12753"
"ENSMUSG00000037605","blue",1710,1195,1220,1967,1255,1434,2710,1086,1454,957,957,780,1634,927,1692,"Adgrl3","319387"
"ENSMUSG00000029273","blue",569,471,478,531,409,452,1303,500,786,428,437,320,855,447,899,"Sult1d1","53315"
"ENSMUSG00000029371","blue",271,93,68,53,45,20,111,61,60,33,36,37,177,19,66,"Cxcl5","20311"
"ENSMUSG00000029334","blue",397,416,354,467,258,269,608,323,434,227,277,154,521,272,454,"Prkg2","19092"
"ENSMUSG00000029298","blue",2033,1922,1384,2526,1737,1933,3922,1992,2959,1643,1633,1495,2197,1535,2754,"Gbp9","236573"
"ENSMUSG00000079363","blue",3984,5345,3680,4661,3366,3828,6589,3756,6352,3153,2650,1817,3867,2338,4780,"Gbp4","17472"
"ENSMUSG00000029287","blue",2096,1827,1613,2517,1765,2002,4033,1597,2313,1644,1534,1471,2348,1797,2876,"Tgfbr3","21814"
"ENSMUSG00000042190","blue",2751,2668,1931,3253,1921,1677,3906,2229,3017,1901,2089,1917,3706,2107,2845,"Cmklr1","14747"
"ENSMUSG00000087516","blue",240,273,215,299,219,238,607,186,258,155,220,187,256,131,303,"Tbx3os1","100039542"
"ENSMUSG00000018604","blue",4999,4114,3854,5141,3565,3191,7962,3299,5661,3953,4009,3295,5941,3740,7312,"Tbx3","21386"
"ENSMUSG00000029455","blue",22831,19906,22940,23655,20405,19414,38045,18573,24106,15706,16693,15372,29074,19322,26803,"Aldh2","11669"
"ENSMUSG00000090086","blue",296,259,192,316,316,209,514,188,211,159,230,222,218,180,337,"AI480526","100675"
"ENSMUSG00000105881","blue",186,155,87,219,179,156,361,115,111,117,148,139,156,112,252,"4932422M17Rik","74366"
"ENSMUSG00000034310","blue",131,133,123,205,119,130,301,44,108,52,43,33,81,54,87,"Tmem132d","243274"
"ENSMUSG00000042985","blue",1532,956,802,1390,1121,1312,2419,1070,1714,841,708,496,1692,749,1745,"Upk3b","100647"
"ENSMUSG00000048988","blue",945,866,642,670,834,678,894,529,752,602,506,694,924,737,979,"Elfn1","243312"
"ENSMUSG00000018001","blue",5433,4745,4827,5769,4530,4166,8950,3897,6109,3727,4137,3253,7112,3825,6327,"Cyth3","19159"
"ENSMUSG00000029641","blue",549,513,629,599,459,376,782,496,620,294,445,331,792,489,563,"Rasl11a","68895"
"ENSMUSG00000092035","blue",153,126,83,106,148,76,138,64,141,61,60,32,101,50,112,"Peg10","170676"
"ENSMUSG00000002588","blue",1128,699,812,936,635,699,1452,666,1034,623,627,501,1119,710,1127,"Pon1","18979"
"ENSMUSG00000000058","blue",7364,5711,6123,7733,5844,6090,11946,4951,8198,5583,5101,4871,9103,5959,8596,"Cav2","12390"
"ENSMUSG00000007655","blue",26003,21154,21277,26452,20390,22539,41446,18003,28108,17680,17839,16332,31897,20648,30761,"Cav1","12389"
"ENSMUSG00000041301","blue",521,508,354,621,418,373,869,248,623,255,252,326,549,331,497,"Cftr","12638"
"ENSMUSG00000017978","blue",1161,868,804,1227,944,961,1700,684,1122,691,651,596,1254,688,1137,"Cadps2","320405"
"ENSMUSG00000079654","blue",210,161,180,208,124,105,328,131,148,141,125,121,221,104,130,"Prrt4","101359"
"ENSMUSG00000003500","blue",2850,2693,2840,3618,2823,2129,5139,2207,3303,2323,2276,2277,4049,2377,4228,"Impdh1","23917"
"ENSMUSG00000043421","blue",1346,1280,2098,1984,1200,1406,3177,867,1411,637,739,729,1653,649,1416,"Hilpda","69573"
"ENSMUSG00000029772","blue",3581,3111,3101,2675,2566,1865,3983,1997,3210,1674,1864,1857,3866,2184,2678,"Ahcyl2","74340"
"ENSMUSG00000038871","blue",1271,1154,990,1648,1112,1134,2754,806,1417,1160,1090,1132,1434,1005,1692,"Bpgm","12183"
"ENSMUSG00000029864","blue",723,590,715,768,625,625,1139,439,690,479,479,443,790,550,781,"Gstk1","76263"
"ENSMUSG00000029859","blue",504,441,449,611,668,636,1021,351,589,488,420,343,591,477,755,"Epha1","13835"
"ENSMUSG00000079560","blue",206,187,138,245,197,184,373,146,165,139,140,132,206,86,201,"Hoxa3","15400"
"ENSMUSG00000038253","blue",1034,929,1076,1216,902,921,1793,561,841,652,538,587,1063,476,1011,"Hoxa5","15402"
"ENSMUSG00000043496","blue",730,478,426,809,560,549,946,282,520,477,427,370,562,407,592,"Tril","66873"
"ENSMUSG00000038065","blue",1229,994,971,1491,1001,996,2148,914,1551,800,868,760,1517,1011,1779,"Mturn","68235"
"ENSMUSG00000003477","blue",22878,18019,20919,25468,19184,21231,39118,17253,25242,16201,16637,13074,29591,17795,28559,"Inmt","21743"
"ENSMUSG00000004655","blue",19755,15366,14967,17418,13768,13193,25635,12666,17944,10409,9407,10012,20232,10004,18244,"Aqp1","11826"
"ENSMUSG00000045441","blue",1006,690,336,830,610,470,1022,445,773,407,400,386,785,448,613,"Gprin3","243385"
"ENSMUSG00000025889","blue",341,402,210,508,308,321,1010,121,272,204,167,178,219,160,379,"Snca","20617"
"ENSMUSG00000054422","blue",99,132,185,222,160,87,267,18,123,43,51,20,98,56,195,"Fabp1","14080"
"ENSMUSG00000053907","blue",4923,5035,3793,4635,3579,4052,8227,4455,5775,2912,3899,4026,6616,4731,7947,"Mat2a","232087"
"ENSMUSG00000063415","blue",138,309,414,1088,576,539,1652,81,97,357,238,186,300,113,376,"Cyp26b1","232174"
"ENSMUSG00000015053","blue",3248,2821,3131,3669,2121,2024,4839,2342,3433,1593,2065,1504,3989,2146,3385,"Gata2","14461"
"ENSMUSG00000030087","blue",884,887,886,656,633,710,1390,670,1095,417,757,504,1430,1067,1124,"Klf15","66277"
"ENSMUSG00000034037","blue",2672,2310,1941,2539,2040,1612,3627,1592,2429,1651,1738,1757,2999,1819,3022,"Fgd5","232237"
"ENSMUSG00000097462","blue",208,173,148,317,225,224,499,143,260,147,148,157,210,166,258,"9530026P05Rik","330385"
"ENSMUSG00000030067","blue",4655,3566,3305,4044,3933,2845,5428,2258,3491,2887,2718,2802,4357,2680,4279,"Foxp1","108655"
"ENSMUSG00000030278","blue",516,446,504,596,466,556,1083,284,841,396,266,299,667,356,800,"Cidec","14311"
"ENSMUSG00000030134","blue",2564,2141,1889,2658,2113,1635,3339,1024,1929,1368,1366,1203,2230,1175,2379,"Rasgef1a","70727"
"ENSMUSG00000001930","blue",9363,7826,7486,13561,7894,7793,20469,7665,10036,6967,6945,9397,10918,7824,11114,"Vwf","22371"
"ENSMUSG00000030352","blue",5986,5074,4431,4846,3989,3568,6964,3769,5095,3426,3765,3737,6896,4291,5946,"Tspan9","109246"
"ENSMUSG00000033082","blue",2626,2347,2637,4349,2864,2575,5827,1806,2984,2648,2867,2200,3101,2259,3585,"Clec1a","243653"
"ENSMUSG00000030189","blue",2449,2181,2317,2316,1952,2291,3713,2055,2667,1587,1733,1764,3318,2180,2855,"Ybx3","56449"
"ENSMUSG00000041741","blue",3099,2210,1524,2622,2017,2119,3968,1791,2874,1519,1475,1397,2533,1276,2772,"Pde3a","54611"
"ENSMUSG00000030246","blue",2728,2394,2876,2964,2311,2274,4624,2073,3127,1883,1917,2071,3586,2377,3601,"Ldhb","16832"
"ENSMUSG00000062524","blue",69,94,78,89,62,83,104,46,106,98,60,33,55,31,86,"Ncr1","17086"
"ENSMUSG00000035458","blue",842,768,764,967,487,833,1479,573,1176,485,526,632,855,451,1662,"Tnni3","21954"
"ENSMUSG00000085272","blue",212,183,203,338,150,332,441,106,229,110,78,135,101,89,368,"Sbk3","381835"
"ENSMUSG00000041560","blue",2659,2363,3172,3866,3252,3260,5797,2661,3352,2551,2637,2592,3397,3049,3942,"Nop53","68077"
"ENSMUSG00000040987","blue",324,207,194,371,236,240,482,171,254,165,175,134,349,179,363,"Mill2","243864"
"ENSMUSG00000003545","blue",253,312,230,437,437,327,686,196,226,225,247,321,279,140,419,"Fosb","14282"
"ENSMUSG00000052974","blue",60368,47071,49678,60738,44079,50876,108004,39601,60763,40138,38594,36538,65318,42631,65874,"Cyp2f2","13107"
"ENSMUSG00000086868","blue",390,293,230,466,374,272,819,190,309,213,302,226,249,179,388,"Gm15883","102632321"
"ENSMUSG00000040488","blue",18506,16333,12242,18792,15623,15881,31472,12063,18517,12458,13253,10516,21814,14635,22607,"Ltbp4","108075"
"ENSMUSG00000037166","blue",1373,1127,1650,1697,1323,1429,2618,1111,1443,982,1102,887,1997,1168,1990,"Ppp1r14a","68458"
"ENSMUSG00000074218","blue",149,143,166,165,127,197,302,66,228,88,76,111,186,99,261,"Cox7a1","12865"
"ENSMUSG00000036570","blue",723,661,687,791,540,796,1264,526,807,525,547,471,974,623,1097,"Fxyd1","56188"
"ENSMUSG00000030495","blue",769,671,537,776,529,511,1221,438,608,438,428,325,733,381,833,"Slc7a10","53896"
"ENSMUSG00000064023","blue",75,92,98,114,85,113,184,47,71,54,50,40,110,62,93,"Klk8","259277"
"ENSMUSG00000110206","blue",287,246,197,354,304,266,635,182,275,207,252,220,267,189,452,"Flt3l","14256"
"ENSMUSG00000070570","blue",99,85,52,124,60,119,165,34,90,43,32,74,78,51,173,"Slc17a7","72961"
"ENSMUSG00000063511","blue",3939,3578,3556,4269,4200,3197,7825,3337,4125,2760,3893,3753,4260,3402,5951,"Snrnp70","20637"
"ENSMUSG00000030554","blue",3655,2880,2180,3328,2829,2863,5193,2399,4137,2347,2239,2267,4307,2529,4229,"Synm","233335"
"ENSMUSG00000005533","blue",2482,1976,2057,2908,2332,2011,4372,1770,2651,1700,1812,1841,2754,1883,3610,"Igf1r","16001"
"ENSMUSG00000097415","blue",1698,1648,2247,2905,2391,1874,4012,1205,1929,1791,1832,1641,1931,1837,2637,"AU020206","108167440"
"ENSMUSG00000049791","blue",3240,2954,2664,4655,3382,3292,6497,2960,3724,2380,2817,2822,4031,3425,3911,"Fzd4","14366"
"ENSMUSG00000030616","blue",482,451,418,665,532,424,956,416,560,337,367,299,551,373,602,"Sytl2","83671"
"ENSMUSG00000035686","blue",614,605,353,419,368,600,1009,327,918,437,352,287,907,375,882,"Thrsp","21835"
"ENSMUSG00000035547","blue",775,724,648,834,827,476,1073,565,797,594,580,568,1016,576,867,"Capn5","12337"
"ENSMUSG00000090958","blue",1454,1313,1230,1364,1226,1236,2252,960,1261,813,797,1161,1783,1084,1842,"Lrrc32","434215"
"ENSMUSG00000018909","blue",7813,6548,5452,7906,6105,5427,11750,5374,7099,4957,5187,5470,8912,5533,7599,"Arrb1","109689"
"ENSMUSG00000073940","blue",3737,3547,2641,4707,2601,2824,8702,1143,2930,2070,1752,1746,2695,1498,4135,"Hbb-bt","101488143"
"ENSMUSG00000052305","blue",33847,34463,26006,42301,24702,26232,79117,12032,32712,20370,17433,16826,28836,15614,39617,"Hbb-bs","100503605"
"ENSMUSG00000036989","blue",3603,2827,2439,2846,2204,1944,4461,2368,2947,1639,2287,2013,3846,2118,3096,"Trim3","55992"
"ENSMUSG00000007279","blue",2002,2037,1308,2788,1494,1837,3706,1195,2106,1203,1254,943,2021,1203,2238,"Scube2","56788"
"ENSMUSG00000030787","blue",5893,4911,5384,4797,2692,4617,8462,2630,2708,927,965,840,3756,1013,1857,"Lyve1","114332"
"ENSMUSG00000038296","blue",3161,2687,2865,3163,2394,2356,4709,2556,3133,2178,2229,2229,4141,2351,3691,"Galnt18","233733"
"ENSMUSG00000055723","blue",1772,1461,1489,1618,1058,1134,2216,1230,1824,966,1123,935,2361,1375,1847,"Rras2","66922"
"ENSMUSG00000058420","blue",97,95,65,89,56,76,104,42,85,32,30,38,125,37,89,"Syt17","110058"
"ENSMUSG00000030878","blue",982,894,782,835,592,622,1411,653,1139,477,484,492,1299,633,1263,"Cdr2","12585"
"ENSMUSG00000030717","blue",2864,2063,2469,2263,1549,1634,3396,1934,2646,1594,1737,1600,3318,1959,2716,"Nupr1","56312"
"ENSMUSG00000030711","blue",819,700,984,818,552,723,1539,665,772,551,734,568,976,850,1000,"Sult1a1","20887"
"ENSMUSG00000025488","blue",160,124,130,138,81,180,294,62,192,62,75,75,188,72,236,"Cox8b","12869"
"ENSMUSG00000037664","blue",994,786,949,785,589,601,1211,635,731,490,525,561,1049,694,857,"Cdkn1c","12577"
"ENSMUSG00000019762","blue",194,164,129,205,110,119,302,95,111,65,108,68,188,83,154,"Iyd","70337"
"ENSMUSG00000038587","blue",7896,6542,5404,7025,5569,6389,12954,8116,8319,3508,4431,5391,9966,6134,9966,"Akap12","83397"
"ENSMUSG00000045680","blue",2704,2276,2498,3106,2250,2639,4850,2343,3405,1994,1877,1525,3755,2218,3729,"Tcf21","21412"
"ENSMUSG00000047669","blue",324,276,335,459,376,236,537,204,329,366,313,331,449,240,374,"Msl3l2","73390"
"ENSMUSG00000037202","blue",84,137,102,130,76,98,146,73,143,75,64,56,84,37,97,"Prf1","18646"
"ENSMUSG00000020069","blue",1334,1190,1282,1293,1147,1003,2033,955,1228,821,987,1051,1445,1074,1882,"Hnrnph3","432467"
"ENSMUSG00000069601","blue",2334,2263,1900,2345,2154,1781,3068,1667,2349,1549,1701,1985,2842,2157,2538,"Ank3","11735"
"ENSMUSG00000037762","blue",1656,1378,1491,2338,1245,1543,2946,1350,1541,1100,1139,1042,1654,1127,1533,"Slc16a9","66859"
"ENSMUSG00000035697","blue",2315,1650,1634,2778,2241,2070,4356,1829,2186,1958,2005,1978,2295,1796,2807,"Arhgap45","70719"
"ENSMUSG00000044199","blue",453,379,374,556,373,356,791,293,411,336,279,268,506,229,465,"S1pr4","13611"
"ENSMUSG00000020038","blue",1113,904,649,658,616,682,1324,722,990,638,641,550,1182,722,950,"Cry1","12952"
"ENSMUSG00000019929","blue",2736,2223,2117,2979,1787,3082,4703,1652,3472,1746,1426,1564,2974,1433,2984,"Dcn","13179"
"ENSMUSG00000090665","blue",46,34,101,70,49,61,124,32,52,36,38,24,60,21,56,"Gad1-ps","382407"
"ENSMUSG00000020154","blue",26314,22489,18967,33800,23310,23287,49289,14152,24111,13390,12334,12203,24536,12875,23488,"Ptprb","19263"
"ENSMUSG00000028630","blue",798,669,550,1284,933,699,1562,586,923,821,723,704,960,699,998,"Dyrk2","69181"
"ENSMUSG00000025407","blue",102,73,53,157,118,120,225,55,79,69,76,66,76,67,124,"Gli1","14632"
"ENSMUSG00000058396","blue",1655,1319,1361,1392,983,1015,2185,741,1121,462,417,343,1093,390,696,"Gpr182","11536"
"ENSMUSG00000001300","blue",7264,6995,7157,9423,6389,7230,13553,5277,8186,3904,3661,4315,9622,4237,8219,"Efnb2","13642"
"ENSMUSG00000031442","blue",1715,1732,2782,2532,2092,1762,4025,1253,2394,1541,2256,1753,2774,2100,2916,"Mcf2l","17207"
"ENSMUSG00000038515","blue",282,309,296,447,351,390,703,204,284,181,219,155,315,157,327,"Grtp1","66790"
"ENSMUSG00000031489","blue",247,209,156,251,185,194,397,122,260,135,133,130,280,130,361,"Adrb3","11556"
"ENSMUSG00000031613","blue",9077,7331,10319,12122,7698,7791,18633,4965,8515,5804,5681,3429,8949,4271,9516,"Hpgd","15446"
"ENSMUSG00000053626","blue",144,123,125,237,134,199,336,110,116,79,92,95,126,109,160,"Tll1","21892"
"ENSMUSG00000034911","blue",2504,2165,2163,2945,2304,1877,4645,1841,2479,1588,2024,1897,2823,1965,3503,"Ushbp1","234395"
"ENSMUSG00000034845","blue",10493,8250,9689,12922,7673,8318,14780,5547,8071,4492,4571,4613,11243,4935,9522,"Plvap","84094"
"ENSMUSG00000043664","blue",411,337,390,576,355,390,738,200,363,278,227,242,383,222,425,"Tmem221","434325"
"ENSMUSG00000055148","blue",4998,4796,5441,6831,5858,6170,12637,4101,6100,2840,3732,4561,7200,4710,5739,"Klf2","16598"
"ENSMUSG00000051839","blue",63,63,18,57,33,31,101,8,34,33,9,12,39,12,26,"Gypa","14934"
"ENSMUSG00000031710","blue",98,104,76,164,124,215,316,33,168,64,50,6,130,47,245,"Ucp1","22227"
"ENSMUSG00000002885","blue",13323,10974,9479,12386,10473,8231,18278,6886,11022,7548,7121,6728,13044,6437,13051,"Adgre5","26364"
"ENSMUSG00000043668","blue",368,309,279,424,346,316,550,138,264,202,209,193,378,178,369,"Tox3","244579"
"ENSMUSG00000055368","blue",604,375,418,298,272,236,793,345,483,245,265,266,450,232,502,"Slc6a2","20538"
"ENSMUSG00000057074","blue",370,202,166,242,149,323,558,228,331,201,196,156,397,151,266,"Ces1g","12623"
"ENSMUSG00000031748","blue",1507,1361,1141,1685,1271,1199,2730,1039,1864,988,1081,895,1928,939,2050,"Gnao1","14681"
"ENSMUSG00000031775","blue",233,225,230,233,178,135,350,111,240,152,133,108,302,108,226,"Pllp","67801"
"ENSMUSG00000031778","blue",1048,945,1062,1464,936,1084,2242,760,1147,711,707,631,1307,650,1144,"Cx3cl1","20312"
"ENSMUSG00000031881","blue",436,337,332,364,409,390,520,195,294,213,196,251,353,311,303,"Cdh16","12556"
"ENSMUSG00000014846","blue",8706,5933,6423,5848,6112,6809,10773,4000,7340,5085,4594,4085,9315,4886,8825,"Tppp3","67971"
"ENSMUSG00000086390","blue",536,401,450,382,446,328,778,393,450,211,362,371,502,359,629,"1810019D21Rik","69771"
"ENSMUSG00000031825","blue",2191,2129,2055,1972,1093,1417,2709,1052,1761,894,1005,816,2459,1164,2059,"Crispld2","78892"
"ENSMUSG00000031824","blue",2374,2005,1749,2293,1980,1662,3284,1416,2156,1490,1464,1546,2603,1717,2180,"6430548M08Rik","234797"
"ENSMUSG00000097087","blue",91,102,85,132,131,89,236,37,77,51,53,52,72,33,87,"Gm26878","102636330"
"ENSMUSG00000097336","blue",2389,2200,1651,2397,1916,1424,3918,1286,1663,840,1263,1117,1801,893,2466,"Fendrr","68790"
"ENSMUSG00000042812","blue",5849,5392,6416,6360,4923,5870,12527,4780,7104,3530,3639,3864,8221,4123,7955,"Foxf1","15227"
"ENSMUSG00000006362","blue",3516,3132,2805,3615,2606,2322,5237,2148,3440,1996,1923,1769,3711,1938,3640,"Cbfa2t3","12398"
"ENSMUSG00000021750","blue",212,196,351,205,151,155,426,200,288,158,326,121,385,250,286,"Fam107a","268709"
"ENSMUSG00000023243","blue",253,300,362,246,258,426,632,326,360,123,145,166,590,235,417,"Kcnk5","16529"
"ENSMUSG00000039081","blue",1875,1442,1755,2166,1730,1444,2764,1211,1719,1678,1300,1224,1959,1150,1990,"Zfp503","218820"
"ENSMUSG00000040717","blue",1154,926,685,1359,1046,918,1850,631,1081,726,703,614,1120,644,1096,"Il17rd","171463"
"ENSMUSG00000071547","blue",832,708,688,862,634,765,1474,621,840,582,604,437,1087,751,974,"Nt5dc2","70021"
"ENSMUSG00000021904","blue",6462,5789,6139,7706,5619,5277,10920,4728,6768,3715,4019,3819,8614,4177,7410,"Sema3g","218877"
"ENSMUSG00000057606","blue",327,305,297,423,334,299,483,143,398,158,183,68,310,108,363,"Colq","382864"
"ENSMUSG00000041479","blue",381,325,377,554,347,336,683,304,392,256,219,321,324,225,358,"Syt15","319508"
"ENSMUSG00000072601","blue",766,577,826,865,739,656,1243,288,762,491,691,229,834,830,902,"Ear1","13586"
"ENSMUSG00000004558","blue",1453,1346,1365,1695,1119,1734,2397,951,1609,917,982,924,1661,997,1988,"Ndrg2","29811"
"ENSMUSG00000060373","blue",3271,2923,2926,2792,2864,2284,4268,2417,3278,2345,2173,2501,4492,2965,4600,"Hnrnpc","15381"
"ENSMUSG00000022220","blue",2373,2034,1798,2179,1775,1482,3202,1462,2040,1294,1308,1395,2617,1463,2663,"Adcy4","104110"
"ENSMUSG00000044461","blue",250,218,189,350,282,342,478,216,287,234,197,148,341,190,292,"Shisa2","219134"
"ENSMUSG00000063060","blue",1749,1477,1546,1605,1159,1088,2756,1508,2172,1150,985,964,2418,1286,2912,"Sox7","20680"
"ENSMUSG00000034522","blue",973,767,696,1113,1069,825,1402,564,774,657,604,704,890,669,964,"Zfp395","380912"
"ENSMUSG00000022032","blue",258,212,214,270,173,301,380,119,237,141,150,115,234,149,247,"Scara5","71145"
"ENSMUSG00000045875","blue",465,425,258,445,176,193,456,267,381,164,198,119,496,224,286,"Adra1a","11549"
"ENSMUSG00000022122","blue",2689,2452,2444,3692,2499,2793,5803,2374,3707,2335,2402,1815,3832,2302,3882,"Ednrb","13618"
"ENSMUSG00000022132","blue",435,327,386,415,280,307,689,249,344,224,247,200,457,236,443,"Cldn10","58187"
"ENSMUSG00000032172","blue",116,86,144,156,52,48,104,15,27,11,9,7,45,7,21,"Olfm2","244723"
"ENSMUSG00000032198","blue",2671,2628,2204,3431,2939,2367,5211,2277,2594,1983,2278,2444,3232,2311,4049,"Dock6","319899"
"ENSMUSG00000036395","blue",462,404,455,771,479,508,1121,348,688,339,301,331,595,316,496,"Glb1l2","244757"
"ENSMUSG00000032035","blue",6727,6271,5300,9446,6888,6208,12159,5113,6565,6256,5917,6238,8100,5917,9064,"Ets1","23871"
"ENSMUSG00000035934","blue",894,916,1383,1333,636,748,2383,657,1184,629,584,440,1039,600,1338,"Pknox2","208076"
"ENSMUSG00000053310","blue",308,309,382,350,353,240,811,232,314,227,249,281,442,250,496,"Nrgn","64011"
"ENSMUSG00000059495","blue",11609,9983,6548,11866,8761,8000,16667,7893,13135,7874,8013,7855,14389,9115,14229,"Arhgef12","69632"
"ENSMUSG00000066687","blue",2044,1291,2691,1291,1415,1860,5941,1384,1864,893,2004,1072,2086,1153,2647,"Zbtb16","235320"
"ENSMUSG00000032315","blue",230,153,141,163,140,230,464,55,91,43,47,16,143,20,97,"Cyp1a1","13076"
"ENSMUSG00000032249","blue",6016,5024,5818,5960,5237,4338,8277,4113,5902,4150,4066,4408,7396,4738,7170,"Anp32a","11737"
"ENSMUSG00000041729","blue",1596,1304,1024,1059,972,787,1688,814,1214,752,798,658,1530,861,1344,"Coro2b","235431"
"ENSMUSG00000036867","blue",6835,5907,6416,6464,4774,4277,10739,4297,7913,3432,3526,3137,8860,3305,7263,"Smad6","17130"
"ENSMUSG00000091956","blue",61,49,67,118,89,35,121,36,62,53,39,50,39,21,76,"C2cd4b","75697"
"ENSMUSG00000013584","blue",575,354,411,717,461,461,956,442,617,361,343,262,651,393,728,"Aldh1a2","19378"
"ENSMUSG00000041361","blue",1711,1421,1866,1832,1241,1107,2634,906,1553,997,991,810,1750,808,1514,"Myzap","102371"
"ENSMUSG00000033590","blue",3169,2678,2385,2483,2833,1880,3876,1732,2787,1645,1788,1931,3235,2126,2944,"Myo5c","208943"
"ENSMUSG00000042487","blue",616,541,516,438,317,315,657,384,475,283,295,293,800,350,460,"Leo1","235497"
"ENSMUSG00000056267","blue",371,355,315,540,411,342,747,244,397,248,278,316,401,305,472,"Cep70","68121"
"ENSMUSG00000037681","blue",394,394,370,646,466,401,827,305,399,259,307,287,490,297,455,"Esyt3","272636"
"ENSMUSG00000043154","blue",1027,893,804,1245,953,1055,1811,754,1375,719,694,785,1205,843,1390,"Ppp2r3a","235542"
"ENSMUSG00000032548","blue",13680,11335,12445,16161,12786,12002,25692,11437,13841,10531,10668,11138,14718,10051,16039,"Slco2a1","24059"
"ENSMUSG00000079355","blue",167,135,148,315,237,201,331,63,178,158,90,79,188,71,175,"Ackr4","252837"
"ENSMUSG00000010047","blue",2183,1946,1935,1886,1601,1337,3068,1388,1912,1271,1333,1181,2554,1493,2591,"Hyal2","15587"
"ENSMUSG00000056724","blue",1780,1457,1221,1817,1571,1191,2942,1251,1655,1075,1438,1329,1959,1239,2012,"Nbeal2","235627"
"ENSMUSG00000066319","blue",336,267,241,284,214,194,464,170,351,179,204,165,377,159,425,"Rtp3","235636"
"ENSMUSG00000043953","blue",923,828,791,1144,788,716,1403,564,725,605,615,593,974,638,945,"Ccrl2","54199"
"ENSMUSG00000041794","blue",381,317,651,419,247,348,874,248,278,116,128,136,311,143,236,"Myrip","245049"
"ENSMUSG00000044534","blue",1415,1166,1054,1380,1028,901,2179,885,1556,901,949,741,1663,904,1693,"Ackr2","59289"
"ENSMUSG00000020427","blue",2628,2571,2568,2828,2269,2141,4399,2036,3310,2344,2448,1681,4198,2757,4589,"Igfbp3","16009"
"ENSMUSG00000020160","blue",1289,1175,1036,1704,1205,1145,2212,787,1086,792,677,697,1449,756,1500,"Meis1","17268"
"ENSMUSG00000032878","blue",2014,1861,2122,2550,1781,1712,4072,1557,2452,1414,1438,1276,2773,1466,2691,"Ccdc85a","216613"
"ENSMUSG00000020467","blue",3277,2229,2061,2608,2131,2683,4752,2348,3401,2271,2025,1842,3691,2542,4257,"Efemp1","216616"
"ENSMUSG00000069919","blue",28244,29105,21792,37780,22580,23617,59844,10152,25087,18108,14116,14501,22938,12160,31709,"Hba-a1","15122"
"ENSMUSG00000069917","blue",248,307,276,508,317,324,860,126,125,108,144,140,207,161,220,"Hba-a2","110257"
"ENSMUSG00000044707","blue",118,121,89,55,53,30,78,48,70,27,24,36,130,40,53,"Ccnjl","380694"
"ENSMUSG00000048852","blue",80,109,84,109,79,91,114,49,109,66,40,45,43,52,104,"Gm12185","620913"
"ENSMUSG00000078921","blue",649,749,617,629,513,553,920,640,960,559,404,337,492,389,832,"Tgtp2","100039796"
"ENSMUSG00000078920","blue",850,841,722,1008,674,796,1299,712,1117,707,558,578,874,618,1080,"Ifi47","15953"
"ENSMUSG00000020357","blue",1724,1518,1421,2402,1558,1740,3675,1627,1953,1355,1368,1376,2010,1461,2323,"Flt4","14257"
"ENSMUSG00000018899","blue",2696,2377,2545,2745,2236,2127,4517,2578,3496,2057,1937,1807,3479,2246,4036,"Irf1","16362"
"ENSMUSG00000081769","blue",153,160,195,255,200,181,351,133,178,129,118,120,176,95,203,"Gm12216","622459"
"ENSMUSG00000020524","blue",811,788,575,717,493,669,970,408,731,439,436,206,791,476,735,"Gria1","14799"
"ENSMUSG00000082292","blue",395,471,280,396,238,315,519,286,629,250,222,141,276,219,365,"Gm12250","631323"
"ENSMUSG00000078853","blue",857,1163,965,1004,788,829,1382,851,1521,699,563,480,751,572,1042,"Igtp","16145"
"ENSMUSG00000069874","blue",1409,1458,1157,1270,1044,1079,1921,1149,1922,999,781,735,1105,906,1581,"Irgm2","54396"
"ENSMUSG00000004837","blue",1556,1337,1564,1702,1211,1335,2646,1122,1629,946,1001,833,1912,1133,1728,"Grap","71520"
"ENSMUSG00000020902","blue",3127,2727,2588,3540,2749,2528,4706,1827,2748,1690,1452,1568,3449,1605,2629,"Ntn1","18208"
"ENSMUSG00000052921","blue",3173,2911,2583,3690,2792,2306,5166,1865,2761,2053,2065,2170,3021,2180,3498,"Arhgef15","442801"
"ENSMUSG00000020884","blue",62,66,62,84,70,66,143,16,42,29,42,27,67,35,77,"Asgr1","11889"
"ENSMUSG00000040938","blue",944,861,1007,1433,1135,1049,2521,777,1168,825,935,865,1243,834,1302,"Slc16a11","216867"
"ENSMUSG00000020811","blue",619,541,508,696,628,495,906,274,429,367,259,310,600,329,484,"Wscd1","216881"
"ENSMUSG00000020788","blue",6993,6820,7058,10276,8526,7397,15116,5466,7676,5791,5409,4945,9292,4887,8399,"Atp2a3","53313"
"ENSMUSG00000020836","blue",202,230,201,295,206,202,389,150,210,83,152,126,175,125,329,"Coro6","216961"
"ENSMUSG00000017344","blue",217,254,184,202,193,203,335,161,182,145,139,121,316,159,228,"Vtn","22370"
"ENSMUSG00000018334","blue",886,759,569,764,604,564,1159,679,1046,463,622,543,1104,746,1110,"Ksr1","16706"
"ENSMUSG00000078763","blue",133,86,143,242,116,171,318,108,100,123,125,102,103,97,186,"Slfn1","20555"
"ENSMUSG00000000204","blue",187,42,132,141,84,68,352,50,40,71,65,123,64,103,172,"Slfn4","20558"
"ENSMUSG00000035085","blue",114,91,124,109,114,73,146,34,72,41,42,48,84,30,80,"1700020L24Rik","66330"
"ENSMUSG00000020682","blue",377,320,304,374,290,211,583,141,258,173,187,166,314,137,254,"Mmp28","118453"
"ENSMUSG00000000805","blue",3681,3135,3770,3841,3172,2683,5900,2927,4030,2769,2999,2206,5207,3022,5554,"Car4","12351"
"ENSMUSG00000069763","blue",11847,9218,10566,11831,8534,8508,18659,6075,10079,5559,5229,4389,12163,4585,10322,"Tmem100","67888"
"ENSMUSG00000038700","blue",344,306,274,306,228,219,482,215,346,176,200,153,402,195,376,"Hoxb5","15413"
"ENSMUSG00000061718","blue",261,274,357,297,244,300,456,163,238,166,156,163,224,168,311,"Ppp1r1b","19049"
"ENSMUSG00000058756","blue",2445,2125,1955,2615,1942,1711,3208,1638,2340,1594,1761,1706,2872,1714,2597,"Thra","21833"
"ENSMUSG00000020911","blue",4174,3281,4361,3921,4251,3726,6781,2721,4483,3844,3487,3518,5861,4261,5262,"Krt19","16669"
"ENSMUSG00000001552","blue",11180,9932,9696,11191,10315,8260,17413,8385,11881,8117,8204,7881,14380,8819,13978,"Jup","16480"
"ENSMUSG00000004044","blue",19258,16245,16945,18729,15759,14853,28903,14289,20731,13574,14255,13034,26616,15763,23938,"Cavin1","19285"
"ENSMUSG00000001240","blue",5998,5047,6001,5144,3644,3677,8295,3330,5140,2765,2531,2122,6236,2847,5341,"Ramp2","54409"
"ENSMUSG00000034936","blue",784,739,928,607,504,554,1203,607,835,290,368,311,1053,589,762,"Arl4d","80981"
"ENSMUSG00000006574","blue",309,320,85,283,176,231,697,69,151,157,88,100,174,81,228,"Slc4a1","20533"
"ENSMUSG00000085338","blue",133,98,122,138,108,104,226,64,118,56,64,69,82,63,104,"2410004I01Rik","69739"
"ENSMUSG00000048878","blue",2258,1994,2118,1856,1848,1727,3653,1940,2652,1362,1456,1611,2993,2046,2865,"Hexim1","192231"
"ENSMUSG00000018411","blue",3454,2959,2770,3412,2453,2031,4409,1589,2907,1534,1610,1416,3498,1770,3480,"Mapt","17762"
"ENSMUSG00000020681","blue",29415,24548,25961,35693,27033,23111,54393,19789,32363,20306,20342,19471,34036,18922,34779,"Ace","11421"
"ENSMUSG00000001029","blue",2539,2275,2372,2611,2081,1922,4213,2102,3150,1845,1792,1658,3668,1931,3594,"Icam2","15896"
"ENSMUSG00000018363","blue",5870,4753,3941,4785,4018,3494,7585,3688,5999,3110,3087,2952,6867,3753,5997,"Smurf2","66313"
"ENSMUSG00000078607","blue",1383,1191,918,1155,941,769,1704,871,1390,832,858,770,1571,1004,1585,"1810010H24Rik","69066"
"ENSMUSG00000040430","blue",3350,2972,2977,4780,3714,3289,6873,2304,3953,2579,2353,2472,4168,2245,4384,"Pitpnc1","71795"
"ENSMUSG00000020599","blue",512,385,316,470,327,282,733,283,391,225,271,238,471,209,558,"Rgs9","19739"
"ENSMUSG00000041828","blue",2501,2070,1583,3282,2288,2752,5674,1856,3274,2006,1903,1686,2806,2310,4127,"Abca8a","217258"
"ENSMUSG00000034471","blue",4505,4081,3356,3776,3301,2760,6844,3148,4723,2412,2859,2558,5352,3326,5350,"Caskin2","140721"
"ENSMUSG00000034282","blue",432,386,385,488,502,638,819,262,484,318,297,325,504,306,483,"Evpl","14027"
"ENSMUSG00000025150","blue",51421,46694,51063,61117,52906,63049,122600,36963,62169,47168,41735,39187,67163,46030,71445,"Cbr2","12409"
"ENSMUSG00000096107","blue",25,19,13,43,18,29,59,4,18,8,4,5,17,1,8,"Gm16505","100039182"
"ENSMUSG00000076431","blue",1414,1213,949,1233,1313,866,1603,953,1290,1171,840,1010,1701,882,1510,"Sox4","20677"
"ENSMUSG00000039004","blue",3663,2736,3000,4865,2772,3114,6169,1909,3629,1979,1880,1639,4067,1751,3392,"Bmp6","12161"
"ENSMUSG00000051335","blue",1363,1219,775,1261,829,724,1666,964,1494,705,742,694,1775,1004,1592,"Gfod1","328232"
"ENSMUSG00000021390","blue",7277,6146,5411,6896,4464,5597,11158,5174,8756,4782,4636,3017,9245,5583,8277,"Ogn","18295"
"ENSMUSG00000005320","blue",1389,1238,863,1315,920,941,1911,1021,1200,829,885,671,1564,931,1718,"Fgfr4","14186"
"ENSMUSG00000021495","blue",1652,1498,1287,2061,1726,1294,3021,1004,1338,906,1225,1269,1491,1058,2310,"Fam193b","212483"
"ENSMUSG00000021559","blue",4189,3773,3294,3565,3149,2474,5474,2950,3885,2584,2943,2752,4879,3337,4206,"Dapk1","69635"
"ENSMUSG00000044258","blue",3677,3051,3650,3619,2669,3001,6314,3790,4962,2591,2780,2889,6076,3374,5848,"Ctla2a","13024"
"ENSMUSG00000021573","blue",1584,1333,988,1243,1113,1274,2314,743,1865,1022,930,784,1750,922,2006,"Tppp","72948"
"ENSMUSG00000052485","blue",83,60,98,68,69,28,88,39,43,32,43,41,101,36,49,"Tmem171","380863"
"ENSMUSG00000023132","blue",145,318,315,254,166,201,294,156,337,191,139,61,124,63,182,"Gzma","14938"
"ENSMUSG00000021765","blue",425,383,449,408,305,381,625,205,384,236,222,219,411,244,382,"Fst","14313"
"ENSMUSG00000042284","blue",2994,2830,1707,4572,3240,2992,6217,2163,3940,2539,2307,2237,3624,2379,4549,"Itga1","109700"
"ENSMUSG00000020571","blue",5394,4765,4816,4113,4702,3094,5881,3808,5115,3566,3319,3957,7044,4915,6978,"Pdia6","71853"
"ENSMUSG00000020642","blue",4070,3326,2888,5124,3177,3033,6427,2170,3601,1943,1742,1786,4222,1778,3443,"Rnf144a","108089"
"ENSMUSG00000019256","blue",2578,2104,1726,3439,2634,2224,4491,1511,2750,2359,1903,2135,2803,1607,3157,"Ahr","11622"
"ENSMUSG00000045930","blue",8993,6522,7248,12750,8129,8100,17037,5434,9011,7327,6541,6342,9713,5814,10145,"Clec14a","66864"
"ENSMUSG00000046768","blue",1618,1299,1286,1389,905,907,1772,1239,1489,921,959,1016,1943,1214,1826,"Rhoj","80837"
"ENSMUSG00000063450","blue",4856,3774,3287,5381,4630,4386,8993,2930,4947,3365,3207,3359,4798,3517,5717,"Syne2","319565"
"ENSMUSG00000021055","blue",48,62,62,157,61,94,158,30,42,38,19,20,56,18,59,"Esr2","13983"
"ENSMUSG00000060716","blue",426,371,313,593,487,426,799,314,490,301,315,315,548,331,511,"Plekhh1","211945"
"ENSMUSG00000066438","blue",657,500,492,525,620,537,918,353,569,352,419,476,671,505,627,"Plekhd1","217682"
"ENSMUSG00000021224","blue",2987,2666,2370,2854,2505,2067,4352,2255,3348,1997,1965,1894,3629,2287,3676,"Numb","18222"
"ENSMUSG00000072949","blue",709,544,704,1079,399,491,1363,503,842,417,455,398,852,562,961,"Acot1","26897"
"ENSMUSG00000044456","blue",2993,2326,2469,2326,1864,1887,4138,1989,2853,1800,2044,1759,3451,2213,2984,"Rin3","217835"
"ENSMUSG00000066363","blue",194,298,343,529,236,297,549,342,528,145,131,112,211,151,336,"Serpina3f","238393"
"ENSMUSG00000021294","blue",1381,1134,807,1385,1173,816,1981,828,1541,929,986,935,1754,980,1623,"Kif26a","668303"
"ENSMUSG00000011171","blue",494,446,358,554,250,266,590,399,527,250,274,213,562,342,510,"Vipr2","22355"
"ENSMUSG00000054263","blue",2287,2178,2474,3976,2781,2652,5454,1589,2427,2131,2131,2136,2382,2140,3053,"Lifr","16880"
"ENSMUSG00000022197","blue",10550,9223,5954,10454,8830,7815,16433,6922,10240,7537,7218,7327,12236,8298,13039,"Pdzd2","68070"
"ENSMUSG00000022237","blue",4664,3670,2472,3599,3004,2118,5566,2135,4741,2341,2412,2140,4456,2148,4310,"Ankrd33b","67434"
"ENSMUSG00000051359","blue",1195,971,1031,1534,944,974,1948,796,1147,806,824,721,1384,821,1266,"Ncald","52589"
"ENSMUSG00000060429","blue",706,539,328,637,547,571,877,343,457,351,367,339,508,353,568,"Sntb1","20649"
"ENSMUSG00000022376","blue",551,526,359,573,514,524,927,283,380,320,276,288,511,273,417,"Adcy8","11514"
"ENSMUSG00000053469","blue",78,76,67,89,55,77,114,24,58,34,24,28,43,31,37,"Tg","21819"
"ENSMUSG00000036661","blue",2969,2607,2493,3212,2465,2207,4717,2431,3008,1896,2380,2282,3618,2106,2956,"Dennd3","105841"
"ENSMUSG00000022595","blue",321,265,254,249,225,259,531,191,277,173,187,148,347,169,310,"Lypd2","68311"
"ENSMUSG00000022579","blue",2533,2183,2964,2997,2108,2150,4449,1959,2177,1054,1234,1215,2845,1416,2290,"Gpihbp1","68453"
"ENSMUSG00000091694","blue",55,227,41,101,51,54,194,7,76,26,9,7,14,13,45,"Apol11b","328563"
"ENSMUSG00000033170","blue",1504,1324,1186,1500,1241,1099,2504,1051,1685,863,930,972,1780,1155,1782,"Card10","105844"
"ENSMUSG00000049521","blue",2908,2570,2578,2642,2378,2360,4599,2292,3198,1863,1842,2090,4006,2372,4155,"Cdc42ep1","104445"
"ENSMUSG00000055065","blue",9054,7954,6636,9045,8550,6051,13770,6277,8880,5148,6746,7063,10512,7294,12606,"Ddx17","67040"
"ENSMUSG00000053411","blue",1214,1020,1007,1879,1343,1344,2686,938,1353,948,1111,1053,1284,999,1678,"Cbx7","52609"
"ENSMUSG00000042428","blue",1040,857,786,1069,910,874,1969,675,1135,770,635,609,1353,775,1127,"Mgat3","17309"
"ENSMUSG00000061740","blue",910,800,819,1091,700,778,1443,467,651,434,421,381,833,401,723,"Cyp2d22","56448"
"ENSMUSG00000022623","blue",3995,3315,2704,4232,3311,2641,6633,2632,3673,2602,2983,2896,4104,2923,5252,"Shank3","58234"
"ENSMUSG00000036158","blue",2796,2147,1920,3312,2296,1463,3873,1233,2794,2346,1980,1608,2648,1398,3155,"Prickle1","106042"
"ENSMUSG00000022475","blue",3999,3526,3192,4845,4291,3301,6798,2791,3970,3110,3214,3448,4186,3136,4962,"Hdac7","56233"
"ENSMUSG00000023000","blue",164,163,93,100,98,80,164,97,126,77,69,64,206,90,176,"Dhh","13363"
"ENSMUSG00000023011","blue",747,508,509,809,566,610,1285,398,747,423,442,282,793,399,774,"Faim2","72393"
"ENSMUSG00000000530","blue",17147,13562,13988,17483,13669,13120,28761,11340,18768,10744,10849,9082,20689,10187,18962,"Acvrl1","11482"
"ENSMUSG00000061397","blue",1090,1055,1453,1452,1507,1141,2299,623,1135,1212,1409,667,1497,1513,1584,"Krt79","223917"
"ENSMUSG00000023046","blue",2101,1647,1999,2170,1466,1762,3606,1098,2189,1132,1018,702,2218,1019,2172,"Igfbp6","16012"
"ENSMUSG00000039457","blue",2652,2180,2122,2583,2577,2845,4368,1506,2585,1533,1722,1603,2750,1849,3031,"Ppl","19041"
"ENSMUSG00000003526","blue",458,448,457,637,509,498,1028,328,423,266,348,337,491,300,507,"Prodh","19125"
"ENSMUSG00000041378","blue",9122,8246,10218,9609,6570,7590,16522,8693,10837,5721,6453,5821,13423,6426,11306,"Cldn5","12741"
"ENSMUSG00000022537","blue",869,757,730,1019,770,539,1288,431,738,558,574,576,922,488,983,"Tmem44","224090"
"ENSMUSG00000022844","blue",300,284,283,306,235,177,388,215,320,204,164,204,471,206,355,"Pdia5","72599"
"ENSMUSG00000061080","blue",105,73,109,94,50,70,168,70,101,45,36,38,114,54,100,"Lsamp","268890"
"ENSMUSG00000075033","blue",441,390,375,592,413,438,806,335,489,313,314,263,494,270,530,"Nxpe3","385658"
"ENSMUSG00000035258","blue",1950,1740,1437,2202,1595,1686,3490,1271,2091,1274,1262,858,2105,1200,2188,"Abi3bp","320712"
"ENSMUSG00000022747","blue",1229,1110,1297,1655,1333,1299,2364,948,1598,1052,1013,1033,1774,958,1774,"St3gal6","54613"
"ENSMUSG00000041134","blue",5675,5231,3881,7836,5585,4705,10244,3643,6269,4438,4140,4269,7199,4083,7364,"Cyyr1","224405"
"ENSMUSG00000022941","blue",1100,983,910,1031,946,767,1677,660,985,734,689,590,1286,665,1387,"Ripply3","170765"
"ENSMUSG00000014773","blue",977,863,827,658,595,724,1667,845,931,336,398,501,1159,487,957,"Dll1","13388"
"ENSMUSG00000045551","blue",183,172,180,199,193,129,324,75,194,119,132,66,214,146,284,"Fpr1","14293"
"ENSMUSG00000052270","blue",275,245,285,316,286,221,523,137,338,179,235,73,284,251,387,"Fpr2","14289"
"ENSMUSG00000039218","blue",11818,10314,5838,12234,11817,8786,21634,8927,11261,8384,9528,9561,11361,8493,15657,"Srrm2","75956"
"ENSMUSG00000039628","blue",121,94,84,80,55,77,164,40,80,46,44,47,82,46,81,"Hs3st6","328779"
"ENSMUSG00000024163","blue",2103,1652,1377,2205,1936,1552,3709,1388,1960,1352,1769,1697,2039,1588,2887,"Mapk8ip3","30957"
"ENSMUSG00000063011","blue",1230,914,762,989,872,962,2197,1100,1363,821,716,628,1634,790,1675,"Msln","56047"
"ENSMUSG00000024190","blue",8296,7600,8249,12825,8843,9120,21566,6284,9453,7230,9515,10760,11779,8115,8178,"Dusp1","19252"
"ENSMUSG00000024008","blue",137,106,135,175,179,134,221,79,158,135,140,37,195,140,198,"Cpne5","240058"
"ENSMUSG00000024011","blue",466,396,493,573,336,499,929,278,475,296,294,314,503,306,528,"Pi16","74116"
"ENSMUSG00000024027","blue",584,525,409,1018,762,726,1415,273,467,352,291,229,429,206,464,"Glp1r","14652"
"ENSMUSG00000041119","blue",533,527,748,737,488,492,1191,494,452,362,444,426,715,405,579,"Pde9a","18585"
"ENSMUSG00000073424","blue",234,196,215,225,213,189,443,126,202,132,145,105,233,141,256,"Cyp4f15","106648"
"ENSMUSG00000042099","blue",2957,2942,2729,3104,2658,2109,4904,2161,2633,1840,2295,1988,3425,2305,3641,"Kank3","80880"
"ENSMUSG00000096727","blue",875,1041,1090,1295,1113,1080,1947,970,1295,920,834,942,1038,897,1374,"Psmb9","16912"
"ENSMUSG00000015468","blue",4245,3773,3295,4202,3624,2616,6802,2923,3946,2685,2935,3008,4713,3016,5492,"Notch4","18132"
"ENSMUSG00000035929","blue",6888,8107,8167,10151,8327,8402,16832,9300,11014,6628,7161,6994,8757,8560,10732,"H2-Q4","15015"
"ENSMUSG00000055413","blue",653,843,684,1063,866,819,1719,836,993,596,675,643,763,709,1043,"H2-Q5","15016"
"ENSMUSG00000073409","blue",2157,2827,2427,3436,2598,3040,5515,2569,3490,1745,1868,1649,2035,2069,3088,"H2-Q6","110557"
"ENSMUSG00000060550","blue",1089,1574,1364,1960,1468,1582,2927,1284,1667,933,939,834,962,994,1589,"H2-Q7","15018"
"ENSMUSG00000090509","blue",219,213,271,234,245,229,340,106,195,148,151,120,243,213,220,"Sfta2","433102"
"ENSMUSG00000003541","blue",2636,2067,2632,3078,2327,1917,4527,1430,2076,2025,1790,1893,2911,1452,3052,"Ier3","15937"
"ENSMUSG00000073405","blue",677,839,807,1135,880,1050,1874,754,1019,683,647,740,736,805,1232,"H2-T-ps","667803"
"ENSMUSG00000073400","blue",92,99,32,87,64,62,217,17,58,39,27,31,65,30,70,"Trim10","19824"
"ENSMUSG00000036036","blue",658,562,484,450,536,372,855,477,542,333,490,549,690,388,844,"Zfp57","22715"
"ENSMUSG00000024462","blue",1289,1051,854,1355,1266,929,2312,881,1207,790,1139,1100,1233,979,1749,"Gabbr1","54393"
"ENSMUSG00000056492","blue",36862,30351,26480,41174,30368,28345,58720,24228,38255,23033,24055,23115,40534,24873,39542,"Adgrf5","224792"
"ENSMUSG00000040260","blue",1695,1302,1052,1014,910,750,1447,1178,1627,761,1008,1005,1821,1039,1444,"Daam2","76441"
"ENSMUSG00000024206","blue",485,429,332,414,372,400,660,233,426,329,314,313,533,307,601,"Rfx2","19725"
"ENSMUSG00000024066","blue",7368,7519,10594,9856,7305,6858,15484,5486,8374,5181,5599,4735,7630,5428,8584,"Xdh","22436"
"ENSMUSG00000045038","blue",2413,2035,1725,2869,2102,2185,4312,1791,2738,1786,1788,1677,2958,1825,3234,"Prkce","18754"
"ENSMUSG00000024140","blue",71342,67162,48032,87046,59103,59670,119044,42625,50308,43985,43718,40724,55118,35257,70436,"Epas1","13819"
"ENSMUSG00000005836","blue",1401,1124,1098,1464,1363,1023,2027,875,1454,1070,911,978,1606,913,1617,"Gata6","14465"
"ENSMUSG00000102697","blue",536,428,422,798,537,530,1196,389,650,478,455,347,625,335,583,"Pcdhac2","353237"
"ENSMUSG00000024451","blue",5846,4907,4161,5593,4611,3955,8895,3504,5029,3264,3573,3356,5854,3458,6386,"Arap3","106952"
"ENSMUSG00000051375","blue",8676,7478,6483,8903,6561,5567,14628,6545,10757,6769,6957,5611,11854,6641,11677,"Pcdh1","75599"
"ENSMUSG00000024440","blue",1192,1131,956,1023,745,670,1767,876,1316,827,927,859,1665,1007,1583,"Pcdh12","53601"
"ENSMUSG00000038791","blue",9654,8624,10992,9095,7924,7501,18951,8238,13348,8022,7469,6453,16097,8723,14979,"Scgb3a2","117158"
"ENSMUSG00000071856","blue",1226,1155,1119,1558,1192,1000,2040,910,1524,835,915,955,1881,1088,1965,"Mcc","328949"
"ENSMUSG00000019647","blue",1643,1470,1482,2197,1562,1518,3025,1040,1590,1110,1063,1184,1748,1075,1958,"Sema6a","20358"
"ENSMUSG00000052713","blue",1412,1226,1120,1912,1564,1385,2655,976,1268,1327,1228,1480,1608,1111,1665,"Zfp608","269023"
"ENSMUSG00000033032","blue",5626,4706,4845,5948,4675,4180,8924,4086,6328,4024,4406,3742,7415,4367,6615,"Afap1l1","106877"
"ENSMUSG00000045730","blue",1235,1251,1250,1835,1309,1539,2791,1000,1439,937,1152,955,1734,1296,1560,"Adrb2","11555"
"ENSMUSG00000024517","blue",120,111,177,169,93,146,205,59,72,31,30,20,105,18,58,"Grp","225642"
"ENSMUSG00000024526","blue",134,95,95,98,88,127,198,49,183,93,55,49,170,65,183,"Cidea","12683"
"ENSMUSG00000024511","blue",710,551,547,677,525,456,956,401,688,373,398,456,716,540,602,"Rab27b","80718"
"ENSMUSG00000053846","blue",1573,1257,1231,1179,790,790,1680,545,941,547,688,462,1651,591,1138,"Lipg","16891"
"ENSMUSG00000025880","blue",2806,2173,2612,2713,2024,1620,3982,1975,3140,1821,1968,1671,3568,1933,4010,"Smad7","17131"
"ENSMUSG00000024548","blue",963,654,523,1164,831,883,1688,753,1065,750,764,718,1012,701,1083,"Setbp1","240427"
"ENSMUSG00000056214","blue",1236,1013,953,1325,868,924,1777,928,1478,813,862,648,1586,923,1466,"Pard6g","93737"
"ENSMUSG00000040663","blue",213,226,229,377,314,206,506,177,193,179,223,228,233,153,349,"Clcf1","56708"
"ENSMUSG00000056917","blue",2675,2249,2188,2865,2359,2014,4428,1998,2412,1954,2000,1848,2994,1842,3284,"Sipa1","20469"
"ENSMUSG00000092274","blue",26219,25398,22717,29078,30112,18285,52803,16213,22163,18567,28465,27799,25200,21097,41350,"Neat1","66961"
"ENSMUSG00000024772","blue",4453,3799,4063,4088,3396,2975,6300,3063,4082,2740,2841,2528,5438,2871,4606,"Ehd1","13660"
"ENSMUSG00000024948","blue",2250,1963,1879,2890,2169,1906,4500,1532,1990,1495,1669,1511,2301,1389,2780,"Map4k2","26412"
"ENSMUSG00000032946","blue",1340,1391,1174,1537,1227,1063,2571,880,1154,834,932,742,1361,760,1521,"Rasgrp2","19395"
"ENSMUSG00000033768","blue",439,413,494,621,333,330,742,246,425,250,261,183,485,212,414,"Nrxn2","18190"
"ENSMUSG00000052188","blue",149,168,177,266,153,118,306,97,168,66,99,46,190,70,183,"Gm14964","100008567"
"ENSMUSG00000069833","blue",58106,42629,36887,61826,49915,48676,102464,35288,59842,42140,43931,44427,62545,44985,71382,"Ahnak","66395"
"ENSMUSG00000024653","blue",460589,383874,446374,451961,344769,384475,795297,283977,477491,306227,278350,271669,538410,318828,514924,"Scgb1a1","22287"
"ENSMUSG00000039982","blue",1115,908,847,971,716,612,1292,831,957,655,782,829,1376,843,1013,"Dtx4","207521"
"ENSMUSG00000036192","blue",12,16,18,45,27,29,44,6,15,5,4,2,8,5,11,"Rorb","225998"
"ENSMUSG00000067297","blue",208,112,139,146,84,74,198,72,110,76,75,62,125,61,152,"Ifit1bl2","112419"
"ENSMUSG00000067279","blue",609,613,466,500,426,290,559,380,746,374,295,370,771,294,635,"Ppp1r3c","53412"
"ENSMUSG00000025006","blue",1064,890,663,1099,811,940,1912,704,1288,781,650,694,1205,786,1395,"Sorbs1","20411"
"ENSMUSG00000025034","blue",4146,3619,3287,3762,3118,2723,5430,2844,3907,2655,2654,2657,5284,2855,4674,"Trim8","93679"
"ENSMUSG00000053617","blue",5640,4773,3553,5270,4140,3700,7678,4124,5602,3305,3714,3815,6624,4015,6501,"Sh3pxd2a","14218"
"ENSMUSG00000025064","blue",118,101,93,156,93,218,213,49,111,50,68,29,124,48,112,"Col17a1","12821"
"ENSMUSG00000035283","blue",1248,1018,1067,1687,1272,1098,2249,661,1455,1269,1109,862,1505,832,1642,"Adrb1","11554"
