"","ID","Gene.name","logFC","logCPM","LR","PValue","FDR"
"ENSMUSG00000095170","ENSMUSG00000095170","Ighv8-11",3.51909411164869,3.30482990912078,74.8153206070124,5.16870478517493e-18,4.45516508958153e-14
"ENSMUSG00000041202","ENSMUSG00000041202","Pla2g2d",1.93910853322981,4.32135380684575,73.7634225123003,8.80634177233981e-18,5.0604175271122e-14
"ENSMUSG00000027955","ENSMUSG00000027955","Fam198b",1.22121258834156,6.2244379275567,72.6621426535974,1.53857319605426e-17,6.63086583169484e-14
"ENSMUSG00000096464","ENSMUSG00000096464","Ighv2-2",3.06359386320856,3.56658265525773,69.9198534287139,6.17636660577888e-17,1.52106262738603e-13
"ENSMUSG00000027227","ENSMUSG00000027227","Sord",1.20433009262527,5.95677157161033,66.6670861236572,3.21457863591335e-16,5.54161211045103e-13
"ENSMUSG00000069515","ENSMUSG00000069515","Lyz1",2.07908998141597,9.38461367134551,65.1584916512895,6.91100008633072e-16,1.08307936807505e-12
"ENSMUSG00000040613","ENSMUSG00000040613","Apobec1",1.49161034413128,4.34963157150761,60.8340389914145,6.20949146913265e-15,7.64610167402698e-12
"ENSMUSG00000073418","ENSMUSG00000073418","C4b",1.12915169067584,8.62138180230878,60.5166006242417,7.29605796996564e-15,8.38511622294918e-12
"ENSMUSG00000029811","ENSMUSG00000029811","Aoc1",2.57326588855697,2.42163538024481,59.3548042541734,1.31658369469552e-14,1.33509331252095e-11
"ENSMUSG00000016494","ENSMUSG00000016494","Cd34",1.02607116466737,8.08919709102048,58.2844585270747,2.26828939085202e-14,2.10668949742469e-11
"ENSMUSG00000030237","ENSMUSG00000030237","Slco1a4",4.40172764993001,0.583261924680741,58.0790601498637,2.51792279755393e-14,2.17032355535161e-11
"ENSMUSG00000020826","ENSMUSG00000020826","Nos2",1.58213755937711,4.22570850756985,57.3686725775336,3.61316704904903e-14,2.83124485266164e-11
"ENSMUSG00000040552","ENSMUSG00000040552","C3ar1",1.83331094536377,3.51724468424951,56.9982745982203,4.36194428544572e-14,3.26937206681734e-11
"ENSMUSG00000061132","ENSMUSG00000061132","Blnk",1.52064325786286,3.52837962962046,55.7875826489142,8.07399112793696e-14,5.56750132218021e-11
"ENSMUSG00000021775","ENSMUSG00000021775","Nr1d2",2.17469542735211,6.76350979389965,55.5351906039479,9.18008237971899e-14,5.76159433227996e-11
"ENSMUSG00000016283","ENSMUSG00000016283","H2-M2",2.86672143058767,3.6211926194875,55.4974315927497,9.3581206162677e-14,5.76159433227996e-11
"ENSMUSG00000030096","ENSMUSG00000030096","Slc6a6",1.07454427286063,8.59672951776387,54.7027038423983,1.40213252480081e-13,7.96307140666246e-11
"ENSMUSG00000049001","ENSMUSG00000049001","Ndnf",1.00386618891701,8.61633032946885,54.6613382398732,1.43195784910109e-13,7.96307140666246e-11
"ENSMUSG00000054555","ENSMUSG00000054555","Adam12",1.43472688537625,3.54709764157099,54.4503044609859,1.59428996529115e-13,8.58873897239191e-11
"ENSMUSG00000030000","ENSMUSG00000030000","Add2",1.66493696108456,3.17358340643296,53.8489438780932,2.16511444720067e-13,1.13104266531189e-10
"ENSMUSG00000014602","ENSMUSG00000014602","Kif1a",1.4402333600365,5.0145513796352,53.4132322255717,2.70270240812614e-13,1.34007691751119e-10
"ENSMUSG00000001865","ENSMUSG00000001865","Cpa3",3.12450392956754,4.66393319415798,53.0786154935344,3.204623038674e-13,1.5345693489917e-10
"ENSMUSG00000025511","ENSMUSG00000025511","Tspan4",1.22706445171915,6.21862404436478,51.4590760482723,7.31052283317501e-13,3.23143854156677e-10
"ENSMUSG00000064325","ENSMUSG00000064325","Hhip",1.34009118015524,6.13791814806833,51.1531915924518,8.5431666453089e-13,3.681891244962e-10
"ENSMUSG00000040675","ENSMUSG00000040675","Mthfd1l",1.44410137686325,3.96678946228379,50.992069871682,9.27398822032333e-13,3.71800657977102e-10
"ENSMUSG00000032053","ENSMUSG00000032053","Pou2af1",1.55972072398547,4.33968108282676,50.1695941103715,1.41015995998585e-12,5.40216612226579e-10
"ENSMUSG00000094951","ENSMUSG00000094951","Ighv5-6",2.51861398691234,4.31683741088254,50.0253057000913,1.51775908280166e-12,5.68796713661257e-10
"ENSMUSG00000040612","ENSMUSG00000040612","Ildr2",1.79167451594113,5.02260358812994,49.8929185816986,1.6236960732987e-12,5.95550991650985e-10
"ENSMUSG00000095285","ENSMUSG00000095285","Ighv5-9",2.70673135578216,3.47258757795576,49.7212872608433,1.77212712211937e-12,6.23463254249304e-10
"ENSMUSG00000030256","ENSMUSG00000030256","Bhlhe41",1.48598756106893,5.08912853328161,49.5434888801155,1.94022726689729e-12,6.68951557080846e-10
"ENSMUSG00000054690","ENSMUSG00000054690","Emcn",1.07288168906053,5.95026461175116,48.5702272392993,3.18670518468483e-12,1.05645405151503e-09
"ENSMUSG00000009394","ENSMUSG00000009394","Syn2",1.47408880126111,3.82645178206717,48.1011342687524,4.04792260798509e-12,1.29226181183435e-09
"ENSMUSG00000103033","ENSMUSG00000103033","Ighv5-12-4",2.98435445329644,1.10291708768548,47.862342131456,4.57219748830836e-12,1.4075020089455e-09
"ENSMUSG00000022225","ENSMUSG00000022225","Cma1",3.78233052488367,4.58367255261458,47.7192248638863,4.91844758499153e-12,1.48752838452051e-09
"ENSMUSG00000021198","ENSMUSG00000021198","Unc79",1.21217157045146,3.71371941477896,47.5832246105832,5.27176745591777e-12,1.56689653745804e-09
"ENSMUSG00000074109","ENSMUSG00000074109","Mrgprx2",4.9930864661691,1.23044327834741,47.4591269273496,5.61628444043772e-12,1.62478676275041e-09
"ENSMUSG00000029919","ENSMUSG00000029919","Hpgds",2.10776739669865,3.17489401229852,47.4456469766232,5.65503832966091e-12,1.62478676275041e-09
"ENSMUSG00000026358","ENSMUSG00000026358","Rgs1",2.61324503463453,3.00986853654681,47.3920076937306,5.81191692113528e-12,1.64248583284346e-09
"ENSMUSG00000020658","ENSMUSG00000020658","Efr3b",1.27067745691987,4.51214972189477,47.1897506889722,6.44365073836797e-12,1.79164669481815e-09
"ENSMUSG00000026069","ENSMUSG00000026069","Il1rl1",2.43826367771399,3.82666718927725,47.0667140546001,6.86110584853265e-12,1.87743815433102e-09
"ENSMUSG00000073530","ENSMUSG00000073530","Pappa2",2.67479395407624,3.2233213039436,46.9941302910372,7.11996205009862e-12,1.91782852783828e-09
"ENSMUSG00000070547","ENSMUSG00000070547","Mrgprb1",4.89213739104704,2.37576341921023,46.4263571655008,9.51272691082145e-12,2.41161616493604e-09
"ENSMUSG00000079227","ENSMUSG00000079227","Ccr5",1.31288863217801,3.54721578581896,45.1929246936226,1.78548983228639e-11,4.22982906654905e-09
"ENSMUSG00000030954","ENSMUSG00000030954","Gp2",3.22023498780318,2.28812412623282,45.1867187703153,1.79115680641615e-11,4.22982906654905e-09
"ENSMUSG00000033200","ENSMUSG00000033200","Tpsg1",5.52129388431143,-0.0724153804389177,45.1564147381483,1.81908875033667e-11,4.23773931987215e-09
"ENSMUSG00000003882","ENSMUSG00000003882","Il7r",1.27642027647084,4.70348674735566,44.8390566409026,2.139130486375e-11,4.91686272728249e-09
"ENSMUSG00000033213","ENSMUSG00000033213","AA467197",3.33304379863346,0.531397888809215,44.5165230444229,2.52219565465017e-11,5.72106985401503e-09
"ENSMUSG00000095429","ENSMUSG00000095429","Ighv5-12",2.47262183991849,5.32269371914246,44.4275492793355,2.63946541902718e-11,5.90931744917008e-09
"ENSMUSG00000046186","ENSMUSG00000046186","Cd109",2.55037403484264,3.37549101666623,44.3002177230276,2.8168489101268e-11,6.22559722585589e-09
"ENSMUSG00000034593","ENSMUSG00000034593","Myo5a",1.21422625391537,6.36130618006826,43.4061562344728,4.44786595489974e-11,9.35082453616057e-09
"ENSMUSG00000037411","ENSMUSG00000037411","Serpine1",1.21847727740258,6.66197996217797,43.217627394938,4.89774414366335e-11,1.01725555774232e-08
"ENSMUSG00000034457","ENSMUSG00000034457","Eda2r",1.75764078449377,3.75293056355503,43.1670858948686,5.02590806218905e-11,1.03144796528663e-08
"ENSMUSG00000033825","ENSMUSG00000033825","Tpsb2",4.09485680151208,4.98229290418191,43.0735730579551,5.27195680259549e-11,1.05678213162725e-08
"ENSMUSG00000021994","ENSMUSG00000021994","Wnt5a",1.06914118733915,4.76968663983442,42.9219906755043,5.69666927395541e-11,1.11596456379224e-08
"ENSMUSG00000039519","ENSMUSG00000039519","Cyp7b1",1.60517478792179,3.0591954938449,42.8921840428122,5.78412878400993e-11,1.12036624839941e-08
"ENSMUSG00000023992","ENSMUSG00000023992","Trem2",2.61267273147219,4.63511247997392,42.8110845587284,6.02895701509521e-11,1.15481322203585e-08
"ENSMUSG00000016200","ENSMUSG00000016200","Syt14",1.35912737444193,3.03235669349188,42.3086922727748,7.79453603738163e-11,1.46054355161328e-08
"ENSMUSG00000097993","ENSMUSG00000097993","Ptprv",1.37096966403381,2.43072708289706,42.248300884662,8.03898248696993e-11,1.49015074293414e-08
"ENSMUSG00000040046","ENSMUSG00000040046","Tph1",4.35683917539173,1.25088769552434,41.6823882833957,1.07371848195917e-10,1.95745811790641e-08
"ENSMUSG00000074417","ENSMUSG00000074417","Gm14548",1.50338840345645,2.97560304101884,41.6733235085165,1.07870828470972e-10,1.95745811790641e-08
"ENSMUSG00000025993","ENSMUSG00000025993","Slc40a1",1.62213701056862,5.29233966870533,41.459910324671,1.20313083082495e-10,2.16049712422827e-08
"ENSMUSG00000095519","ENSMUSG00000095519","Ighv1-66",2.51415845565307,2.0738605213731,41.3960809410448,1.24306348331951e-10,2.20919292669536e-08
"ENSMUSG00000059824","ENSMUSG00000059824","Dbp",3.31355668289267,5.2589661531659,41.1741068922025,1.39255118472933e-10,2.44961121158662e-08
"ENSMUSG00000040026","ENSMUSG00000040026","Saa3",3.60240583813358,3.88480450272335,41.0881576667608,1.45515343029297e-10,2.53387777624449e-08
"ENSMUSG00000075014","ENSMUSG00000075014","Gm10800",3.68975894720135,1.04150616388729,40.8017856392495,1.68479074731877e-10,2.84746153853219e-08
"ENSMUSG00000053063","ENSMUSG00000053063","Clec12a",1.07466908776421,3.60607738437076,40.7577684944614,1.72317054176955e-10,2.88405213296751e-08
"ENSMUSG00000027656","ENSMUSG00000027656","Wisp2",1.01933049849083,5.48891764881278,40.5556361735266,1.91096521150723e-10,3.13744088392125e-08
"ENSMUSG00000076612","ENSMUSG00000076612","Ighg2c",2.45980110040868,5.5339701404128,40.0259958886336,2.50605441850404e-10,3.94855231813314e-08
"ENSMUSG00000052889","ENSMUSG00000052889","Prkcb",1.20425610008541,4.03716870988263,40.0155249346727,2.51952407329105e-10,3.94855231813314e-08
"ENSMUSG00000002847","ENSMUSG00000002847","Pla1a",2.12250035278622,2.49901394714032,39.7092602486009,2.94724753412344e-10,4.53639287863875e-08
"ENSMUSG00000024680","ENSMUSG00000024680","Ms4a2",2.65804835674485,1.96802072933421,39.5407523529357,3.21284261939902e-10,4.8584380627912e-08
"ENSMUSG00000015451","ENSMUSG00000015451","C4a",1.31349881517824,3.93964882093925,39.4217350150568,3.4147486073857e-10,5.11885662980192e-08
"ENSMUSG00000028957","ENSMUSG00000028957","Per3",1.64304111695463,6.16064725404965,38.4382986870664,5.65124046106942e-10,8.05138300069221e-08
"ENSMUSG00000095771","ENSMUSG00000095771","Igkv14-111",2.4318996327084,3.86960120598271,38.2924365021442,6.08982249364494e-10,8.46632661031816e-08
"ENSMUSG00000032323","ENSMUSG00000032323","Cyp11a1",2.27345562154731,1.52281654533709,38.092280231347,6.74765733169628e-10,9.30582917928897e-08
"ENSMUSG00000049723","ENSMUSG00000049723","Mmp12",3.76837234844522,6.72064133632593,37.889942422408,7.4850119986104e-10,1.01601670743342e-07
"ENSMUSG00000021803","ENSMUSG00000021803","Cdhr1",3.23454893511384,1.87218172933178,37.6415662350049,8.50134492388075e-10,1.14495847767797e-07
"ENSMUSG00000062593","ENSMUSG00000062593","Lilrb4a",1.47071687898906,6.28677749861557,37.2288378761497,1.05048783215131e-09,1.37192119230731e-07
"ENSMUSG00000003153","ENSMUSG00000003153","Slc2a3",1.27317493692687,4.70551709493508,37.1894173425517,1.07193924222204e-09,1.38941057117787e-07
"ENSMUSG00000039252","ENSMUSG00000039252","Lgi2",1.04203328577947,4.38671041618527,37.0858152377241,1.13043063941697e-09,1.45429058156039e-07
"ENSMUSG00000029608","ENSMUSG00000029608","Rph3a",6.39660893221792,-0.0155899151428871,36.815738264215,1.29837875142228e-09,1.64435097966353e-07
"ENSMUSG00000041633","ENSMUSG00000041633","Kctd12b",1.09257347005383,5.3428382487387,36.7817439024304,1.32121690052995e-09,1.64435097966353e-07
"ENSMUSG00000031910","ENSMUSG00000031910","Has3",1.19470879384553,2.89440633099362,36.7749065721281,1.32585872830925e-09,1.64435097966353e-07
"ENSMUSG00000095210","ENSMUSG00000095210","Ighv5-9-1",2.26311309875465,4.51979374884014,36.5316632093659,1.50206353900819e-09,1.84957666778301e-07
"ENSMUSG00000036437","ENSMUSG00000036437","Npy1r",1.08282655968324,3.88325906364385,36.2566924547377,1.72965023509844e-09,2.08513569250783e-07
"ENSMUSG00000038179","ENSMUSG00000038179","Slamf7",1.39745155009782,3.32325500648561,36.2004920962922,1.78025596294926e-09,2.13123837120015e-07
"ENSMUSG00000005339","ENSMUSG00000005339","Fcer1a",2.87850140534494,1.5475665384883,35.9803244928213,1.99320070480291e-09,2.31578047108474e-07
"ENSMUSG00000036887","ENSMUSG00000036887","C1qa",1.02608036945109,6.2134848108826,35.9750520765484,1.99860137325209e-09,2.31578047108474e-07
"ENSMUSG00000061068","ENSMUSG00000061068","Mcpt4",3.2813225272164,5.14671831120878,35.9591230165667,2.01500708082088e-09,2.31578047108474e-07
"ENSMUSG00000055254","ENSMUSG00000055254","Ntrk2",2.16718541626491,5.33956397267135,35.8158544174887,2.16875832183537e-09,2.4596858361921e-07
"ENSMUSG00000076617","ENSMUSG00000076617","Ighm",1.80128548270531,7.30882539794839,35.6706137511126,2.33662237382803e-09,2.62953808327667e-07
"ENSMUSG00000025352","ENSMUSG00000025352","Gdf11",1.29239070284435,2.60525983593488,35.4625709582405,2.5999894427955e-09,2.87315500027895e-07
"ENSMUSG00000076937","ENSMUSG00000076937","Iglc2",1.89713258911992,4.30328147040098,35.0556455836648,3.20416647742315e-09,3.45228911901861e-07
"ENSMUSG00000028364","ENSMUSG00000028364","Tnc",1.97777140739517,6.43550225027279,34.9562280559769,3.37201091442997e-09,3.58827754036162e-07
"ENSMUSG00000045062","ENSMUSG00000045062","Pcdhb7",1.43177914390798,2.63951826331674,34.7832740201115,3.68525979141444e-09,3.82712009302371e-07
"ENSMUSG00000009185","ENSMUSG00000009185","Ccl8",2.48146131499896,3.07839843866705,34.6579605362127,3.93028073745745e-09,4.05713231335503e-07
"ENSMUSG00000052516","ENSMUSG00000052516","Robo2",1.36219458820547,5.68053080682176,34.5929011884352,4.0638558969705e-09,4.14537347975588e-07
"ENSMUSG00000094006","ENSMUSG00000094006","Igkv4-59",2.63780740442262,4.03175775664111,34.500877447327,4.26059215245633e-09,4.29279582767841e-07
"ENSMUSG00000029581","ENSMUSG00000029581","Fscn1",1.33976128352531,5.77474165080879,34.4906289886857,4.28308418330928e-09,4.29279582767841e-07
"ENSMUSG00000074472","ENSMUSG00000074472","Zfp872",1.79589315429612,1.72701517831137,34.3275105407667,4.65751344496745e-09,4.64109099871641e-07
"ENSMUSG00000031626","ENSMUSG00000031626","Sorbs2",1.10764642194445,4.93795311901903,34.094081576979,5.25107362486864e-09,5.11430837396105e-07
"ENSMUSG00000105646","ENSMUSG00000105646","Gm30211",2.32479169375248,0.575176283912583,33.7926363278749,6.13104925428638e-09,5.90464570361133e-07
"ENSMUSG00000040276","ENSMUSG00000040276","Pacsin1",1.81506302335462,1.66969095555873,33.6900098662234,6.4631759201594e-09,6.15572871202365e-07
"ENSMUSG00000037280","ENSMUSG00000037280","Galnt6",1.23144722219691,4.4899853373028,33.5151227301209,7.07120465899171e-09,6.62502701719338e-07
"ENSMUSG00000005540","ENSMUSG00000005540","Fcer2a",1.35775567440191,3.69647321231554,33.4431626778748,7.33772833319846e-09,6.76444378267424e-07
"ENSMUSG00000017400","ENSMUSG00000017400","Stac2",1.53849907211168,3.38883765954408,33.4205270974936,7.42362792778416e-09,6.80722988548251e-07
"ENSMUSG00000024672","ENSMUSG00000024672","Ms4a7",1.81284687376156,2.74575106761837,33.2714349612413,8.01513798528166e-09,7.27226124885635e-07
"ENSMUSG00000059336","ENSMUSG00000059336","Slc14a1",3.04638792955308,3.25500451447132,33.241749054527,8.13843386175525e-09,7.34546918025124e-07
"ENSMUSG00000028197","ENSMUSG00000028197","Col24a1",2.63365974219485,1.94552195719946,33.0998256981007,8.75465692686352e-09,7.82497625981121e-07
"ENSMUSG00000026678","ENSMUSG00000026678","Rgs5",1.60892486023281,5.61451803845034,33.0686324528828,8.89624143381576e-09,7.90527350915206e-07
"ENSMUSG00000029925","ENSMUSG00000029925","Tbxas1",1.18331830999575,4.30567920240924,33.0539366867502,8.96373723364379e-09,7.91790430019304e-07
"ENSMUSG00000051242","ENSMUSG00000051242","Pcdhb9",1.24694110980588,4.66217764251881,33.0455866986464,9.00231592805752e-09,7.91790430019304e-07
"ENSMUSG00000050425","ENSMUSG00000050425","Mrgprb2",4.22307231470129,0.982098500329731,33.0087443247042,9.17453081171134e-09,7.98786548803494e-07
"ENSMUSG00000043017","ENSMUSG00000043017","Ptgir",1.65603893671431,3.82851395827925,32.9742828269876,9.33860212676735e-09,8.08985739011771e-07
"ENSMUSG00000019997","ENSMUSG00000019997","Ctgf",1.02764388840775,8.32233998342129,32.8658483980666,9.87427797519116e-09,8.51113390071602e-07
"ENSMUSG00000025746","ENSMUSG00000025746","Il6",2.61705632577619,0.250366084068299,32.7674691477897,1.03868631696656e-08,8.86431357335967e-07
"ENSMUSG00000038147","ENSMUSG00000038147","Cd84",1.15865746907234,5.91158042639454,32.7126189139082,1.06841345980094e-08,8.9442616016602e-07
"ENSMUSG00000076609","ENSMUSG00000076609","Igkc",2.0918048210986,10.2086410097143,32.5577612390444,1.1570216117752e-08,9.58937286797722e-07
"ENSMUSG00000024173","ENSMUSG00000024173","Tpsab1",4.25147416817639,2.58301758618116,32.4591517728377,1.21724368197839e-08,9.99241134934544e-07
"ENSMUSG00000025597","ENSMUSG00000025597","Klhl4",1.66849168922032,2.5796607669486,32.1982558009771,1.39215675686596e-08,1.12673194045128e-06
"ENSMUSG00000037872","ENSMUSG00000037872","Ackr1",2.60413296229133,0.518640061218421,32.1211421792623,1.44852362763302e-08,1.16144645659375e-06
"ENSMUSG00000015709","ENSMUSG00000015709","Arnt2",2.60781438432987,3.14274237802733,32.1017123203142,1.46308304171957e-08,1.16654778582051e-06
"ENSMUSG00000096670","ENSMUSG00000096670","Ighv2-6",2.45041471198705,3.85678624245914,32.0580825134008,1.49631262008586e-08,1.18325381915872e-06
"ENSMUSG00000027611","ENSMUSG00000027611","Procr",1.61242691176907,3.6199420564789,32.0361560505005,1.51329673542214e-08,1.19122020191517e-06
"ENSMUSG00000036905","ENSMUSG00000036905","C1qb",1.14454369484202,5.57466698636753,32.0109766882482,1.53303886130442e-08,1.20127531500122e-06
"ENSMUSG00000034656","ENSMUSG00000034656","Cacna1a",1.28509529343707,3.03467937603701,31.751310284746,1.75231004266931e-08,1.34857467971323e-06
"ENSMUSG00000095442","ENSMUSG00000095442","Ighv1-4",3.66697407323319,2.46643764201426,31.7094266316551,1.79051005972167e-08,1.35976224315162e-06
"ENSMUSG00000041324","ENSMUSG00000041324","Inhba",2.04048728549199,1.40018972637284,31.6746299607705,1.82288001346057e-08,1.37827318210731e-06
"ENSMUSG00000025355","ENSMUSG00000025355","Mmp19",1.75205631614006,6.46178203220815,31.4065287747564,2.09276013381129e-08,1.55504706667124e-06
"ENSMUSG00000038209","ENSMUSG00000038209","Itln1",2.21932826449213,3.31143081672547,31.3498350430979,2.15477004443924e-08,1.59425239468189e-06
"ENSMUSG00000030657","ENSMUSG00000030657","Xylt1",1.13469313559747,3.71477493956967,31.1003454601475,2.45027780254794e-08,1.79746123566485e-06
"ENSMUSG00000096150","ENSMUSG00000096150","Ighv1-85",3.39799436685149,-0.426807632193473,30.9086520307407,2.7046332485749e-08,1.95904086437742e-06
"ENSMUSG00000056529","ENSMUSG00000056529","Ptafr",1.11887119527924,4.23001666958964,30.8576582360052,2.77664231811518e-08,2.00278397163128e-06
"ENSMUSG00000001348","ENSMUSG00000001348","Acp5",1.4228999407212,5.49728935303796,30.6978633265594,3.01496865619581e-08,2.1477291183537e-06
"ENSMUSG00000033730","ENSMUSG00000033730","Egr3",1.50294708292424,1.92376801241993,30.5805055483003,3.20295900346272e-08,2.26294304347106e-06
"ENSMUSG00000074968","ENSMUSG00000074968","Ano3",2.24893785107125,0.963913902023657,30.443512430928,3.43730933913923e-08,2.39901925900491e-06
"ENSMUSG00000027338","ENSMUSG00000027338","Prnd",3.05477425750292,1.20569011173871,30.4325136929246,3.45685339979639e-08,2.40293128060847e-06
"ENSMUSG00000024781","ENSMUSG00000024781","Lipa",1.1845206663546,7.72304900134477,30.3532207572429,3.60108548129854e-08,2.48316450448422e-06
"ENSMUSG00000095612","ENSMUSG00000095612","Ighv5-4",1.87377585621273,4.73284005730122,30.1464245421031,4.00625109207699e-08,2.72979298720614e-06
"ENSMUSG00000047592","ENSMUSG00000047592","Nxpe5",2.04309589221875,1.4680821331402,30.1115151328114,4.07901962998209e-08,2.76843383469532e-06
"ENSMUSG00000036896","ENSMUSG00000036896","C1qc",1.0200313097677,5.65487660544563,29.8640578773473,4.63424503826118e-08,3.06090996990745e-06
"ENSMUSG00000079620","ENSMUSG00000079620","Muc4",1.21758256916155,5.60639039467527,29.8435750077826,4.68346362001985e-08,3.08109480347975e-06
"ENSMUSG00000067149","ENSMUSG00000067149","Jchain",2.1330103491313,9.29146130342748,29.7906737867482,4.81301741514925e-08,3.14286390983931e-06
"ENSMUSG00000046997","ENSMUSG00000046997","Spsb4",1.89117269098704,1.01672645625664,29.5363185961724,5.48786626928612e-08,3.54327065978365e-06
"ENSMUSG00000038173","ENSMUSG00000038173","Enpp6",1.80780820208349,1.98597679530606,29.4925260309127,5.61327484283567e-08,3.5737963546752e-06
"ENSMUSG00000031196","ENSMUSG00000031196","F8",1.52761957874759,2.46903422294221,29.490871636341,5.6180684037182e-08,3.5737963546752e-06
"ENSMUSG00000048078","ENSMUSG00000048078","Tenm4",1.32921260695516,2.61779603384992,29.387202654079,5.92677328550181e-08,3.70187118365093e-06
"ENSMUSG00000000290","ENSMUSG00000000290","Itgb2",1.13039887820246,7.79134728019353,29.3540053421548,6.02917713089321e-08,3.75223770972809e-06
"ENSMUSG00000034652","ENSMUSG00000034652","Cd300a",1.22013933470589,4.41963112632266,29.15617997116,6.67724189848416e-08,4.09640473622664e-06
"ENSMUSG00000044303","ENSMUSG00000044303","Cdkn2a",2.09158488494159,3.48467948957165,29.0756043070918,6.96080175940186e-08,4.25522204008258e-06
"ENSMUSG00000026656","ENSMUSG00000026656","Fcgr2b",1.09321605812733,4.84912386659104,28.8186314353972,7.94828173761028e-08,4.77423097124263e-06
"ENSMUSG00000033777","ENSMUSG00000033777","Tlr13",1.72719682151383,4.45912888575112,28.627470739701,8.77287446378654e-08,5.21502009935228e-06
"ENSMUSG00000030862","ENSMUSG00000030862","Cpxm2",1.57811368884763,3.16086235394882,28.4593324525692,9.56874097972378e-08,5.57282181586008e-06
"ENSMUSG00000026475","ENSMUSG00000026475","Rgs16",1.61528272934561,3.02224840818568,28.4499407976633,9.6152706808714e-08,5.58106569924384e-06
"ENSMUSG00000052688","ENSMUSG00000052688","Rab7b",1.09545810001025,4.47211157942457,28.4337825983922,9.69585554699701e-08,5.59019577841744e-06
"ENSMUSG00000029819","ENSMUSG00000029819","Npy",4.18275902404027,1.82529963246007,28.3765725616311,9.98665494438025e-08,5.71959948791266e-06
"ENSMUSG00000051279","ENSMUSG00000051279","Gdf6",1.58937061909374,3.00176865653486,28.1996126464872,1.09426465426615e-07,6.18492733603087e-06
"ENSMUSG00000011263","ENSMUSG00000011263","Exoc3l2",2.12479078865795,3.46731434987429,28.1655663056134,1.11368353300559e-07,6.27411451813184e-06
"ENSMUSG00000076619","ENSMUSG00000076619","Ighj3",2.34809499305574,1.52931920260513,28.1556022434382,1.11943174753337e-07,6.28595566636086e-06
"ENSMUSG00000037953","ENSMUSG00000037953","A4gnt",2.97080067955483,1.06233115378759,28.0933259226459,1.15603839572731e-07,6.44949705629227e-06
"ENSMUSG00000076543","ENSMUSG00000076543","Igkv4-74",2.88639341713828,3.1708708231001,28.0291731291184,1.19500290755328e-07,6.60277407798427e-06
"ENSMUSG00000020684","ENSMUSG00000020684","Rasl10b",1.37104025677824,2.20392028812425,27.8828807743188,1.28885067851581e-07,7.04562661720218e-06
"ENSMUSG00000020889","ENSMUSG00000020889","Nr1d1",2.16184728994929,5.83448074444813,27.8806505598632,1.29033712094233e-07,7.04562661720218e-06
"ENSMUSG00000050967","ENSMUSG00000050967","Creg2",2.9964830905521,0.479889207733678,27.8789065956098,1.29150067349376e-07,7.04562661720218e-06
"ENSMUSG00000040722","ENSMUSG00000040722","Scamp5",1.19147893163624,4.08089021628054,27.8265557886517,1.32692235366631e-07,7.19333787888475e-06
"ENSMUSG00000027322","ENSMUSG00000027322","Siglec1",1.01822476485137,5.60414971870138,27.7873055057351,1.3541171342307e-07,7.31775087053385e-06
"ENSMUSG00000029816","ENSMUSG00000029816","Gpnmb",2.45180741247978,7.96075387722496,27.7451030397588,1.38398083714036e-07,7.43253758612545e-06
"ENSMUSG00000022435","ENSMUSG00000022435","Upk3a",2.72061922105383,0.115617791448342,27.7248945875739,1.39851374629654e-07,7.48726039515714e-06
"ENSMUSG00000030683","ENSMUSG00000030683","Sez6l2",1.96503569910888,3.1663882572434,27.6483684187444,1.45494735794272e-07,7.71748846263834e-06
"ENSMUSG00000011008","ENSMUSG00000011008","Mcoln2",1.29040033516416,2.03335534183707,27.609622514429,1.48438482875111e-07,7.8063971952205e-06
"ENSMUSG00000042845","ENSMUSG00000042845","Wfdc12",3.51607236717092,0.449605673833255,27.6084381835312,1.48529397298702e-07,7.8063971952205e-06
"ENSMUSG00000037660","ENSMUSG00000037660","Gdf7",2.60903745300406,0.036996146464485,27.5937925562168,1.49658282351831e-07,7.84182106219824e-06
"ENSMUSG00000050493","ENSMUSG00000050493","Fam167b",2.24667076899534,2.37651107490189,27.5795759227432,1.50762324606362e-07,7.87573246633055e-06
"ENSMUSG00000021423","ENSMUSG00000021423","Ly86",1.10271279360715,3.61855839642382,27.5344240133295,1.5432317424455e-07,8.03739335589667e-06
"ENSMUSG00000010142","ENSMUSG00000010142","Tnfrsf13b",1.01325086254218,3.39107005374406,27.480686429323,1.58671144354025e-07,8.21420978233947e-06
"ENSMUSG00000004707","ENSMUSG00000004707","Ly9",1.2614750916247,3.64682639058559,27.4315006260091,1.62758357533749e-07,8.37549649410238e-06
"ENSMUSG00000094335","ENSMUSG00000094335","Igkv1-117",2.3253086939257,5.05655439695467,27.4128798643865,1.64333084168495e-07,8.41657611319301e-06
"ENSMUSG00000028339","ENSMUSG00000028339","Col15a1",1.4643448605058,5.94867960606068,27.1496024030676,1.88303922243845e-07,9.38199802185444e-06
"ENSMUSG00000031886","ENSMUSG00000031886","Ces2e",1.07440910703102,3.39136190292821,27.1135451808963,1.91848992007839e-07,9.531080038107e-06
"ENSMUSG00000020053","ENSMUSG00000020053","Igf1",1.63678800883459,5.04885553586794,27.0536686827697,1.97884310177433e-07,9.80266558376081e-06
"ENSMUSG00000002565","ENSMUSG00000002565","Scin",2.24804664651153,1.04891840047756,26.9602178568865,2.07686314076037e-07,1.0229441052448e-05
"ENSMUSG00000079625","ENSMUSG00000079625","Tm4sf19",4.11970867999008,0.580927559111011,26.915552494699,2.12541674416865e-07,1.04387633198642e-05
"ENSMUSG00000026580","ENSMUSG00000026580","Selp",1.71717458160583,2.83785843662655,26.749932517995,2.31559817027664e-07,1.1340510470852e-05
"ENSMUSG00000057457","ENSMUSG00000057457","Phex",1.88781284449902,3.07356040872744,26.7063716305562,2.36839247828445e-07,1.15662090462169e-05
"ENSMUSG00000018774","ENSMUSG00000018774","Cd68",1.26892262035452,6.70805721088163,26.6942390074283,2.38331044883575e-07,1.16061832845987e-05
"ENSMUSG00000020017","ENSMUSG00000020017","Hal",1.39420036742616,3.21765205653708,26.6186715880422,2.47836996891122e-07,1.203510419551e-05
"ENSMUSG00000032537","ENSMUSG00000032537","Ephb1",1.79184953529317,2.49994611100907,26.5572980884029,2.55836427712609e-07,1.23194530093231e-05
"ENSMUSG00000028111","ENSMUSG00000028111","Ctsk",2.15202903676259,7.63549855411945,26.4816422558293,2.66054482728465e-07,1.27050227915679e-05
"ENSMUSG00000076618","ENSMUSG00000076618","Ighj4",1.77856247132481,2.29456105488386,26.4700864662902,2.67650818957818e-07,1.27108332452171e-05
"ENSMUSG00000020303","ENSMUSG00000020303","Stc2",1.12857085533917,2.87671373399866,26.4563941515736,2.69554730314807e-07,1.27660824063103e-05
"ENSMUSG00000060787","ENSMUSG00000060787","Olfr464",2.60569821629758,-0.361648578941639,26.2732019316611,2.96372687499052e-07,1.38459857989056e-05
"ENSMUSG00000095794","ENSMUSG00000095794","Igkv6-17",2.59333962967543,5.83506061191493,26.2666278879851,2.97383275148633e-07,1.38556494061818e-05
"ENSMUSG00000094433","ENSMUSG00000094433","Igkv5-43",2.50909129518972,4.9488993329016,26.0391016455313,3.34572112523716e-07,1.5421627400525e-05
"ENSMUSG00000090698","ENSMUSG00000090698","Apold1",2.18491639934436,3.82596224319063,26.0313154095404,3.3592413432695e-07,1.54426564044328e-05
"ENSMUSG00000040751","ENSMUSG00000040751","Lat2",1.15711905333383,3.0670645152585,25.8538969642729,3.68260460675121e-07,1.66271689737386e-05
"ENSMUSG00000015852","ENSMUSG00000015852","Fcrls",1.28145585587359,3.69286687544656,25.8529435615667,3.68442400833468e-07,1.66271689737386e-05
"ENSMUSG00000097804","ENSMUSG00000097804","Gm16685",2.13842867929479,0.101389174279895,25.7186536144417,3.94990689542853e-07,1.76863493429331e-05
"ENSMUSG00000104164","ENSMUSG00000104164","Gm38248",2.62426391776259,0.271338665628996,25.6919160189965,4.00501215192119e-07,1.78602524356743e-05
"ENSMUSG00000034387","ENSMUSG00000034387","Ssu2",3.25514582931675,-0.17645339729351,25.6897713109397,4.00946556795983e-07,1.78602524356743e-05
"ENSMUSG00000020901","ENSMUSG00000020901","Pik3r5",1.12815423618314,5.28949408085832,25.6601288337474,4.07152809989658e-07,1.80434634740661e-05
"ENSMUSG00000076934","ENSMUSG00000076934","Iglv1",1.83942466833531,5.01045203698993,25.5295274995767,4.35664226454813e-07,1.91104722642609e-05
"ENSMUSG00000096490","ENSMUSG00000096490","Igkv10-94",2.59733732197676,3.38519824715362,25.4724506530725,4.48745139708311e-07,1.95846011732445e-05
"ENSMUSG00000026940","ENSMUSG00000026940","Ccdc183",2.66834921688991,-0.378295000445272,25.3808399359991,4.70568773853076e-07,2.04335896535345e-05
"ENSMUSG00000035273","ENSMUSG00000035273","Hpse",1.12968407353203,4.03272770361892,25.3538138149265,4.77207961907263e-07,2.05664701382983e-05
"ENSMUSG00000027408","ENSMUSG00000027408","Cpxm1",1.22032179406445,5.38676268088653,25.2793564697531,4.95988827942983e-07,2.12167528657794e-05
"ENSMUSG00000095079","ENSMUSG00000095079","Igha",2.10030522307102,11.0041994481714,25.1762937045055,5.23214049668322e-07,2.23259579263173e-05
"ENSMUSG00000045362","ENSMUSG00000045362","Tnfrsf26",1.62644442029385,2.721958361121,25.1537809959621,5.29357651792485e-07,2.25323371833349e-05
"ENSMUSG00000071714","ENSMUSG00000071714","Csf2rb2",1.20212332709889,5.54624639579091,25.1384325968579,5.33587562655893e-07,2.26564433315885e-05
"ENSMUSG00000063193","ENSMUSG00000063193","Cd300lb",1.29924195406476,3.7066338580195,25.1166330380055,5.39653679263752e-07,2.28016906294799e-05
"ENSMUSG00000076596","ENSMUSG00000076596","Igkv3-10",2.60303692745965,3.37396698062384,25.056346684918,5.56791867230843e-07,2.34110609736403e-05
"ENSMUSG00000040283","ENSMUSG00000040283","Btnl9",2.63813511422152,3.85615898425655,24.9171341078881,5.98481407663835e-07,2.49811646167478e-05
"ENSMUSG00000010476","ENSMUSG00000010476","Ebf3",2.70162711298616,1.09125879362478,24.8921980124154,6.06272918647171e-07,2.52452629095618e-05
"ENSMUSG00000094797","ENSMUSG00000094797","Igkv6-15",1.89789770355716,5.48339655115372,24.7120355231393,6.65671794310401e-07,2.71876356648775e-05
"ENSMUSG00000037868","ENSMUSG00000037868","Egr2",1.07671661620011,3.49218698439367,24.5338476045188,7.30158550813404e-07,2.94166615990382e-05
"ENSMUSG00000074802","ENSMUSG00000074802","Gas2l3",1.30307985309978,2.91787673868794,24.5333688446568,7.30339994453759e-07,2.94166615990382e-05
"ENSMUSG00000060044","ENSMUSG00000060044","Tmem26",1.52898652331896,2.17435951215095,24.4812274333507,7.50373932250759e-07,3.01531380374612e-05
"ENSMUSG00000044827","ENSMUSG00000044827","Tlr1",1.08900578638513,2.76175344486887,24.3269294998078,8.12945599876256e-07,3.24406694358027e-05
"ENSMUSG00000047330","ENSMUSG00000047330","Kcne4",1.21072145396046,3.90251014539497,24.3135322139671,8.18619385149484e-07,3.25916387542539e-05
"ENSMUSG00000046182","ENSMUSG00000046182","Gsg1l",1.06851108941298,2.57762606342521,24.1290456724479,9.00911367531706e-07,3.5058264254806e-05
"ENSMUSG00000027102","ENSMUSG00000027102","Hoxd8",2.62831612075766,1.2454921993206,24.0897727459379,9.19473417956486e-07,3.55399153635692e-05
"ENSMUSG00000073208","ENSMUSG00000073208","Speer4c",2.66578191507394,-0.412439897774264,24.036548253501,9.45243173359173e-07,3.62112157011973e-05
"ENSMUSG00000013367","ENSMUSG00000013367","Iglon5",1.91355145982693,0.574847015479569,23.9837821729618,9.71505905675824e-07,3.69850912954923e-05
"ENSMUSG00000021091","ENSMUSG00000021091","Serpina3n",1.09970771413373,6.60851487785223,23.8851266025774,1.0225878144808e-06,3.85741604679092e-05
"ENSMUSG00000032860","ENSMUSG00000032860","P2ry2",1.01418569211658,4.77557111920758,23.7963802276874,1.07083652154126e-06,4.0043711051735e-05
"ENSMUSG00000048965","ENSMUSG00000048965","Mrgpre",1.07994336236335,2.72265970361704,23.7006890512345,1.12542235048715e-06,4.14554613248887e-05
"ENSMUSG00000095200","ENSMUSG00000095200","Ighv1-7",3.08685364345338,2.40122984891264,23.6870939112638,1.1334007044531e-06,4.16603299447059e-05
"ENSMUSG00000076646","ENSMUSG00000076646","Ighv2-6-8",2.4697486688888,4.07381532884241,23.6814733675442,1.13671568953971e-06,4.16932803659044e-05
"ENSMUSG00000043740","ENSMUSG00000043740","B430306N03Rik",2.05354817089722,2.2151884528285,23.5369975860528,1.22534691267472e-06,4.45648848683532e-05
"ENSMUSG00000040229","ENSMUSG00000040229","Gpr34",1.19579317414905,2.49675717205735,23.5235082316022,1.2339679462068e-06,4.47839440519136e-05
"ENSMUSG00000030789","ENSMUSG00000030789","Itgax",1.05733411825034,7.32461367641992,23.5012716584926,1.24831231264954e-06,4.52093612558097e-05
"ENSMUSG00000019796","ENSMUSG00000019796","Lrp11",1.12779890953438,3.19056171264795,23.2904699964025,1.39288457751902e-06,4.98023252200797e-05
"ENSMUSG00000106951","ENSMUSG00000106951","5930430L01Rik",1.0362774657724,3.59664561468846,23.2842649286926,1.39738557727322e-06,4.98023252200797e-05
"ENSMUSG00000003379","ENSMUSG00000003379","Cd79a",1.08798795810548,4.64079678524999,23.0859669141634,1.54917239384615e-06,5.42808595477924e-05
"ENSMUSG00000058818","ENSMUSG00000058818","Pirb",1.10575670010986,5.18206760654589,23.0804582512784,1.55361719524868e-06,5.43066314353487e-05
"ENSMUSG00000075224","ENSMUSG00000075224","Lrrc55",2.28514246213135,0.306988242099661,23.077254180434,1.55620836063938e-06,5.43066314353487e-05
"ENSMUSG00000104422","ENSMUSG00000104422","Ighv1-14",2.7135424100661,2.55622688277409,23.0168156315739,1.60590586432333e-06,5.55907855322689e-05
"ENSMUSG00000025044","ENSMUSG00000025044","Msr1",1.6523344647794,4.13422433662527,22.9866725186609,1.63128384198897e-06,5.62731524441657e-05
"ENSMUSG00000076526","ENSMUSG00000076526","Igkv12-98",2.12693392653618,1.75050699502198,22.985655981917,1.63214665711949e-06,5.62731524441657e-05
"ENSMUSG00000095889","ENSMUSG00000095889","Ighv1-58",3.81460330694344,0.794152897177542,22.8650913022252,1.73779487742125e-06,5.955834173333e-05
"ENSMUSG00000026177","ENSMUSG00000026177","Slc11a1",1.5474290646939,4.1764463120986,22.8607442045627,1.74172969152363e-06,5.9574758238444e-05
"ENSMUSG00000036814","ENSMUSG00000036814","Slc6a20a",1.25340747183439,3.4183386386408,22.7027872601704,1.89093385905578e-06,6.39172721495345e-05
"ENSMUSG00000027004","ENSMUSG00000027004","Frzb",2.28581167681021,1.32739135132221,22.6936438405886,1.89995306678902e-06,6.4096459722849e-05
"ENSMUSG00000050147","ENSMUSG00000050147","F2rl3",2.30184488929427,0.841418375076998,22.6616695548629,1.93183365354081e-06,6.50446881902149e-05
"ENSMUSG00000036086","ENSMUSG00000036086","Zranb3",1.97483403706797,3.90730142492332,22.5078427935161,2.09287371184052e-06,7.00241174177032e-05
"ENSMUSG00000026398","ENSMUSG00000026398","Nr5a2",2.04735017947246,2.10319848741943,22.4078811793555,2.2046747539533e-06,7.3089207852694e-05
"ENSMUSG00000031883","ENSMUSG00000031883","Car7",1.70457190734888,1.08962430744464,22.3118804825775,2.3176826916883e-06,7.63948985124562e-05
"ENSMUSG00000052143","ENSMUSG00000052143","Gm9869",2.06527086995221,0.392983754619515,22.268542994252,2.37058419789795e-06,7.76929676569633e-05
"ENSMUSG00000092486","ENSMUSG00000092486","2610524H06Rik",1.49127079390498,1.18332630721077,22.2369298557699,2.40993654173675e-06,7.8832819815939e-05
"ENSMUSG00000036596","ENSMUSG00000036596","Cpz",1.21864496087996,2.53522849191264,22.1638684311087,2.50341011812629e-06,8.11208402751489e-05
"ENSMUSG00000024534","ENSMUSG00000024534","Sncaip",1.39072411526437,2.72760843969504,22.0799582366276,2.61526010360335e-06,8.42700353757349e-05
"ENSMUSG00000087659","ENSMUSG00000087659","Gm12606",2.45530506675817,-0.650924439214926,22.0736820152227,2.62382495195978e-06,8.43882804978259e-05
"ENSMUSG00000052013","ENSMUSG00000052013","Btla",1.06367266124927,3.78102435829392,22.0162540720012,2.70351259268083e-06,8.63071362689348e-05
"ENSMUSG00000001506","ENSMUSG00000001506","Col1a1",1.16009616467923,8.15412037446544,22.0092909395116,2.71333832157514e-06,8.64607011564397e-05
"ENSMUSG00000045201","ENSMUSG00000045201","Lrrc3b",1.93555980615354,1.0935537987209,21.9360086097335,2.81894575758158e-06,8.88405958225755e-05
"ENSMUSG00000093861","ENSMUSG00000093861","Igkv1-110",1.63794727565918,5.32497500273019,21.9241518090571,2.8364161138467e-06,8.90777113213178e-05
"ENSMUSG00000068744","ENSMUSG00000068744","Psrc1",1.56139310875085,2.76974314237865,21.8407783597783,2.96236876447351e-06,9.22694042448726e-05
"ENSMUSG00000071068","ENSMUSG00000071068","Treml2",1.18294619663696,3.06090176653336,21.834715408352,2.97174403781846e-06,9.22694042448726e-05
"ENSMUSG00000007783","ENSMUSG00000007783","Cpt1c",1.02507815351388,2.81232856151242,21.821402643994,2.9924344355099e-06,9.24490631429305e-05
"ENSMUSG00000030218","ENSMUSG00000030218","Mgp",1.03268881857918,8.82980035217382,21.7407498551113,3.12091028268176e-06,9.59026245332459e-05
"ENSMUSG00000076939","ENSMUSG00000076939","Iglv3",2.4966948966134,2.68507482637154,21.6708339951659,3.23675318095119e-06,9.89333122099602e-05
"ENSMUSG00000024353","ENSMUSG00000024353","Mzb1",1.41787451048016,3.31489591847261,21.6467234618226,3.2776942093206e-06,9.98306898842363e-05
"ENSMUSG00000011034","ENSMUSG00000011034","Slc5a1",1.09392987341269,2.92048457717505,21.613502588095,3.33495770330644e-06,0.000101395654051675
"ENSMUSG00000004698","ENSMUSG00000004698","Hdac9",1.05018722448757,3.02562002250525,21.5572895297335,3.43414904892922e-06,0.000102780026830713
"ENSMUSG00000005124","ENSMUSG00000005124","Wisp1",1.07407508379929,3.45186292403408,21.4640391647629,3.60526698374102e-06,0.000107067309165963
"ENSMUSG00000105547","ENSMUSG00000105547","Iglc3",1.64431542810746,2.10943652255776,21.3752348404507,3.77617494344918e-06,0.000111659485163157
"ENSMUSG00000096844","ENSMUSG00000096844","Igkv6-14",3.02870918920568,2.87973141682506,21.3115022202307,3.90382087795177e-06,0.000115184238679061
"ENSMUSG00000004933","ENSMUSG00000004933","Matk",1.35055931564769,1.88356953148437,21.3058137850269,3.91542223249202e-06,0.000115184238679061
"ENSMUSG00000096452","ENSMUSG00000096452","Ighv1-77",2.89374318043798,1.96664456862296,21.299619168232,3.92809528111711e-06,0.000115274395954828
"ENSMUSG00000022887","ENSMUSG00000022887","Masp1",1.31317488465889,2.11687630075755,21.1086741864694,4.33959311363051e-06,0.000124269511106107
"ENSMUSG00000076586","ENSMUSG00000076586","Igkv8-21",2.18309765639123,3.87666079206167,21.1012177998544,4.35651176906332e-06,0.000124409677290888
"ENSMUSG00000109904","ENSMUSG00000109904","Gm45819",1.38242674937862,3.30434758945832,20.9129230499788,4.80641062555252e-06,0.000134947414941205
"ENSMUSG00000099762","ENSMUSG00000099762","Gm21149",2.52978313552845,-0.266703087897858,20.8433261697013,4.98425949245991e-06,0.000139260371783657
"ENSMUSG00000021939","ENSMUSG00000021939","Ctsb",1.0815361183599,9.66985499072491,20.8379988872662,4.99814199627371e-06,0.00013942228134913
"ENSMUSG00000021322","ENSMUSG00000021322","Aoah",1.64687997812735,1.20129862514253,20.7780054908,5.15718553061233e-06,0.000142933635630588
"ENSMUSG00000045312","ENSMUSG00000045312","Lhfpl2",1.76836627202847,5.31912287141553,20.7684287204105,5.18303972074877e-06,0.000143419617569804
"ENSMUSG00000029304","ENSMUSG00000029304","Spp1",2.81193063553039,8.44228534774322,20.7248933345287,5.30222088344433e-06,0.000146247977295515
"ENSMUSG00000047496","ENSMUSG00000047496","Rnf152",1.08705243758848,2.32258590346733,20.7057494219196,5.35549568959591e-06,0.000147246236352382
"ENSMUSG00000022667","ENSMUSG00000022667","Cd200r1",1.16407008626718,3.63016834435447,20.6717948870483,5.45131134120833e-06,0.000149641968488997
"ENSMUSG00000050395","ENSMUSG00000050395","Tnfsf15",1.2344711856986,1.8862323220866,20.656808941815,5.49414535895221e-06,0.000150339002925361
"ENSMUSG00000072621","ENSMUSG00000072621","Slfn10-ps",1.43499138477787,1.34872980296253,20.6156667385918,5.61348608935226e-06,0.000153037871405651
"ENSMUSG00000041552","ENSMUSG00000041552","Ptchd1",1.81711329700605,0.247771787519099,20.5967798131533,5.66913919210744e-06,0.000153905969342898
"ENSMUSG00000026770","ENSMUSG00000026770","Il2ra",1.13508251258206,2.18300641508072,20.5827174219883,5.71093546937983e-06,0.000154796881378363
"ENSMUSG00000105757","ENSMUSG00000105757","Ighv1-83",2.85661489852494,-0.109575776752404,20.5658424339016,5.76149983002145e-06,0.000155677892742539
"ENSMUSG00000094117","ENSMUSG00000094117","Igkv3-12",2.17267645406476,4.67905395434401,20.5577313698415,5.78596355040571e-06,0.000156094249836376
"ENSMUSG00000021624","ENSMUSG00000021624","Cd180",1.10781414174856,3.25567147432508,20.492048871138,5.98794784799118e-06,0.00016103936497897
"ENSMUSG00000042116","ENSMUSG00000042116","Vwa1",1.24442227555955,4.15890787726536,20.3621939216414,6.40834158204104e-06,0.000169959077742778
"ENSMUSG00000025854","ENSMUSG00000025854","Fam20c",1.25984214779285,5.00441368764349,20.1806191012515,7.04632397896978e-06,0.000184327130612231
"ENSMUSG00000000792","ENSMUSG00000000792","Slc5a5",1.53681328213555,1.07678549511055,20.1359359145192,7.21286573773522e-06,0.000187883900597455
"ENSMUSG00000024600","ENSMUSG00000024600","Slc27a6",1.70153597600211,2.90037154711276,20.0989758055576,7.35360445396417e-06,0.000191204807212501
"ENSMUSG00000096715","ENSMUSG00000096715","Igkv3-4",1.40015424897065,3.49461819595046,20.0687873626752,7.470600731206e-06,0.000193527956246666
"ENSMUSG00000073565","ENSMUSG00000073565","Prr16",1.29989993717095,1.42311598081649,19.9020939097578,8.15110001214122e-06,0.000210040079386102
"ENSMUSG00000031438","ENSMUSG00000031438","Rnf128",1.4496094359247,4.61087484124082,19.8697550557465,8.29015718842802e-06,0.000213304507121359
"ENSMUSG00000028019","ENSMUSG00000028019","Pdgfc",1.03020981564868,2.99370546867486,19.7378542308962,8.88243978973202e-06,0.000227187506728769
"ENSMUSG00000004359","ENSMUSG00000004359","Spic",1.8131821913015,0.434434283660898,19.6674022887992,9.21601555755627e-06,0.000234328749552673
"ENSMUSG00000016552","ENSMUSG00000016552","Foxred2",1.26411093101957,2.46766258478168,19.651715645735,9.29198438829446e-06,0.000235912398924607
"ENSMUSG00000028519","ENSMUSG00000028519","Dab1",2.06851479173999,-0.205662714365016,19.5628338893879,9.73445875894004e-06,0.000246059141562122
"ENSMUSG00000079330","ENSMUSG00000079330","Lemd1",2.48468428333044,-0.852605456852118,19.5217132621041,9.9462655868081e-06,0.000249192641909156
"ENSMUSG00000081665","ENSMUSG00000081665","Gm15922",1.32896499128232,2.47055075034728,19.5193515643048,9.95856994127666e-06,0.000249192641909156
"ENSMUSG00000026582","ENSMUSG00000026582","Sele",2.23901698283094,2.13490000123151,19.477741500987,1.01778809530988e-05,0.000254284767754306
"ENSMUSG00000068794","ENSMUSG00000068794","Col28a1",1.60208354084916,1.36381470156266,19.4664356072276,1.02383035010586e-05,0.000255055078113799
"ENSMUSG00000030650","ENSMUSG00000030650","Tmc5",1.0942344293395,3.07141025731116,19.443818496426,1.03602601730159e-05,0.000257349459830866
"ENSMUSG00000007891","ENSMUSG00000007891","Ctsd",1.46843975092261,10.0149145755563,19.400857993511,1.0595944541157e-05,0.00026207100135582
"ENSMUSG00000028037","ENSMUSG00000028037","Ifi44",1.19781363134873,4.10007568948082,19.3942995002956,1.06323955781293e-05,0.000262237148948302
"ENSMUSG00000004207","ENSMUSG00000004207","Psap",1.04909241911941,11.0391010079342,19.3754655776413,1.07377729310892e-05,0.000263312187139469
"ENSMUSG00000076677","ENSMUSG00000076677","Ighv6-3",2.05045229761064,2.69885563426746,19.3042539611,1.11457751810002e-05,0.000272929003331339
"ENSMUSG00000032122","ENSMUSG00000032122","Slc37a2",1.1541070299825,4.48040174894414,19.2738057709098,1.13249435760839e-05,0.000275834482233367
"ENSMUSG00000020598","ENSMUSG00000020598","Nrcam",1.1493500026542,5.06087119853698,19.2727188121834,1.13313928344933e-05,0.000275834482233367
"ENSMUSG00000020604","ENSMUSG00000020604","Arsg",1.00205011938657,3.29953807352064,19.2705232359678,1.13444311098937e-05,0.000275834482233367
"ENSMUSG00000104213","ENSMUSG00000104213","Ighd",1.33953486775197,4.62205159475267,19.2109758894811,1.17038522711301e-05,0.000282977151896229
"ENSMUSG00000032845","ENSMUSG00000032845","Alpk2",1.76000590474664,1.30502494792485,19.2058391470871,1.17353877629818e-05,0.000283342226395018
"ENSMUSG00000094872","ENSMUSG00000094872","Igkv9-120",2.16473101499751,3.24484188837448,19.1760382265958,1.19200324082738e-05,0.000286412413293285
"ENSMUSG00000086584","ENSMUSG00000086584","Gm12002",4.1493217272547,-0.95845954658126,19.1746019618555,1.19290047418399e-05,0.000286412413293285
"ENSMUSG00000028327","ENSMUSG00000028327","Stra6l",2.02599633093934,2.34316816348548,19.0025159019499,1.30546210543576e-05,0.000307928757053718
"ENSMUSG00000017390","ENSMUSG00000017390","Aldoc",1.06231265032433,3.7409934407775,18.9829273374838,1.31893323179593e-05,0.000309769618296049
"ENSMUSG00000095630","ENSMUSG00000095630","Igkv6-23",1.77314837085698,4.47607976403684,18.9477566398795,1.34347157607107e-05,0.000313397922867243
"ENSMUSG00000037922","ENSMUSG00000037922","Bank1",1.16558578220444,3.1198063538505,18.8481258617304,1.41550110469688e-05,0.000325128657486081
"ENSMUSG00000079293","ENSMUSG00000079293","Clec7a",1.02652033363199,6.90325188639636,18.833109821338,1.42668854879535e-05,0.000326934656191665
"ENSMUSG00000058152","ENSMUSG00000058152","Chsy3",1.26415060156813,2.28897039437539,18.8134585242169,1.44146367884421e-05,0.000329567537925667
"ENSMUSG00000029915","ENSMUSG00000029915","Clec5a",1.24323464634053,3.09282897198529,18.7808323679898,1.4663343281521e-05,0.00033392519792621
"ENSMUSG00000076587","ENSMUSG00000076587","Igkv6-20",2.52153850530708,2.5600760993097,18.7697030771156,1.4749163087934e-05,0.000334553713780123
"ENSMUSG00000076604","ENSMUSG00000076604","Igkj1",1.98139622032127,1.08553649026203,18.7056646689321,1.52528689160327e-05,0.000344167810528126
"ENSMUSG00000076594","ENSMUSG00000076594","Igkv6-13",3.25074693667031,4.21807531802319,18.6035595280693,1.60919803532739e-05,0.000358424947222781
"ENSMUSG00000041193","ENSMUSG00000041193","Pla2g5",2.47268209827227,-0.095839234330668,18.5764526462919,1.63224347726695e-05,0.000362139579209846
"ENSMUSG00000032363","ENSMUSG00000032363","Adamts7",1.4653882880298,3.13811400793052,18.535816832019,1.66741329785829e-05,0.000369467067375053
"ENSMUSG00000067916","ENSMUSG00000067916","Zfp991",1.11903546354826,2.27734819747232,18.4330554375504,1.7597865009167e-05,0.000387445204205657
"ENSMUSG00000076620","ENSMUSG00000076620","Ighj2",1.87779385470575,1.92073968022659,18.3091292093329,1.87805019809824e-05,0.000406729992022808
"ENSMUSG00000021477","ENSMUSG00000021477","Ctsl",1.19656723753645,8.31565293091706,18.2994785760825,1.88758827131771e-05,0.000407771105379022
"ENSMUSG00000020334","ENSMUSG00000020334","Slc22a4",1.57112293250276,1.53544885963109,18.2554307117176,1.93174409943925e-05,0.000413681199133332
"ENSMUSG00000037921","ENSMUSG00000037921","Ddx60",1.02699426229491,3.12925470248955,18.2182988889665,1.96977208742116e-05,0.000420779442565718
"ENSMUSG00000022838","ENSMUSG00000022838","Eaf2",1.5951551836885,0.582365702882546,18.1644011265681,2.02631283920366e-05,0.000430722651480048
"ENSMUSG00000104452","ENSMUSG00000104452","Ighv8-8",2.3547713503673,2.35144601430903,18.1535764395284,2.03786347433282e-05,0.000432644438842654
"ENSMUSG00000085786","ENSMUSG00000085786","Gm15987",1.22426895776516,1.35054878051911,18.150710217951,2.04093297739736e-05,0.000432763143878881
"ENSMUSG00000003363","ENSMUSG00000003363","Pld3",1.02269224838817,7.51491138125935,18.1320134484769,2.06107007139903e-05,0.00043649615431017
"ENSMUSG00000038508","ENSMUSG00000038508","Gdf15",1.65244163652193,4.13188521107214,18.0645805027362,2.13537046610007e-05,0.000450281571019189
"ENSMUSG00000054672","ENSMUSG00000054672","5830411N06Rik",1.44477140122296,1.5143462433479,18.0634749795607,2.13661073782526e-05,0.000450281571019189
"ENSMUSG00000076621","ENSMUSG00000076621","Ighj1",1.93902887974911,1.32220791022503,18.023744441611,2.18166757803645e-05,0.000458097044796229
"ENSMUSG00000041347","ENSMUSG00000041347","Bdkrb1",1.4345873876644,1.06800092556035,17.9659402319281,2.24893148380496e-05,0.000471646348531798
"ENSMUSG00000076563","ENSMUSG00000076563","Igkv5-48",2.34445927609058,4.73449267693639,17.9280635556488,2.29413282310068e-05,0.000479376433181002
"ENSMUSG00000027239","ENSMUSG00000027239","Mdk",1.11352534375833,3.04223124336339,17.887870215,2.34309758207856e-05,0.000486658544788582
"ENSMUSG00000062082","ENSMUSG00000062082","Cd200r4",1.09103889560416,3.50704546752302,17.872053354278,2.36265285863323e-05,0.000489540536418008
"ENSMUSG00000076545","ENSMUSG00000076545","Igkv4-72",2.28560774623892,4.36545731197157,17.8477743817145,2.3929898606498e-05,0.00049463731663959
"ENSMUSG00000034648","ENSMUSG00000034648","Lrrn1",3.58917983708328,1.26861553078807,17.8038666289237,2.44885084105111e-05,0.000503167337888917
"ENSMUSG00000043366","ENSMUSG00000043366","Olfr78",3.1440758573259,-0.843003257073087,17.7629645530645,2.50206616224435e-05,0.000512269816756892
"ENSMUSG00000076608","ENSMUSG00000076608","Igkj5",1.64557237466374,1.50346266490096,17.7475232164513,2.52245679128062e-05,0.000515831940983234
"ENSMUSG00000096459","ENSMUSG00000096459","Ighv9-3",1.8880579711474,3.82645333984736,17.6851865080194,2.60648573427018e-05,0.000529574790008109
"ENSMUSG00000095335","ENSMUSG00000095335","Igkv3-5",2.22407109227907,4.55061225793402,17.6743497734296,2.62137790286139e-05,0.000531646278440323
"ENSMUSG00000092528","ENSMUSG00000092528","Nlrp1c-ps",1.71280777555536,0.0763474672265442,17.6035367990084,2.72081861559403e-05,0.000549229415857442
"ENSMUSG00000030116","ENSMUSG00000030116","Mfap5",1.0802140056169,3.95637478351798,17.5292804848023,2.82916958988866e-05,0.000567777119442266
"ENSMUSG00000030162","ENSMUSG00000030162","Olr1",1.04944670253533,5.00888092132755,17.5175129175541,2.84673389879806e-05,0.000569687517086652
"ENSMUSG00000096422","ENSMUSG00000096422","Igkv12-44",2.15765551571646,5.02550794331126,17.5141244659707,2.85181180279987e-05,0.000569687517086652
"ENSMUSG00000061540","ENSMUSG00000061540","Orm2",2.20755175530544,-0.609227007214011,17.5024347066891,2.86939994573062e-05,0.000571856481669945
"ENSMUSG00000069792","ENSMUSG00000069792","Wfdc17",1.7189316860042,3.03863683235034,17.4692656692136,2.91990106800517e-05,0.000579537133220398
"ENSMUSG00000027400","ENSMUSG00000027400","Pdyn",3.84239201198789,-0.10858292545025,17.4689166985611,2.92043711006036e-05,0.000579537133220398
"ENSMUSG00000019122","ENSMUSG00000019122","Ccl9",1.12056376425559,4.73839851314623,17.4372840308807,2.96944004492421e-05,0.000586370869810407
"ENSMUSG00000035385","ENSMUSG00000035385","Ccl2",1.66848796660429,1.33912876938984,17.413247112307,3.00722803156245e-05,0.000591088782105829
"ENSMUSG00000070390","ENSMUSG00000070390","Nlrp1b",1.34808483426623,1.66821610734502,17.3842377327349,3.05347730839613e-05,0.000597490298745072
"ENSMUSG00000018927","ENSMUSG00000018927","Ccl6",1.39130116859183,8.6344663132858,17.3768888041413,3.06530666393068e-05,0.000599034807738723
"ENSMUSG00000028259","ENSMUSG00000028259","Fhl5",1.7225934016977,0.282581815577858,17.3190606162632,3.16001265162323e-05,0.000615541899450088
"ENSMUSG00000042425","ENSMUSG00000042425","Frmpd3",2.29403664208158,0.173635686849986,17.1837857314432,3.39320217886476e-05,0.000650671995121798
"ENSMUSG00000026458","ENSMUSG00000026458","Ppfia4",1.20930615881286,1.67571715657391,17.1458828438971,3.46158916601256e-05,0.000662312271175255
"ENSMUSG00000090675","ENSMUSG00000090675","Olfr111",2.6063983150673,-0.555725367269749,17.1240732238697,3.50156574350773e-05,0.000666999909970494
"ENSMUSG00000079685","ENSMUSG00000079685","Ulbp1",1.21795993685494,2.06861612386889,17.1040768144165,3.53862641108571e-05,0.00067257310585123
"ENSMUSG00000058163","ENSMUSG00000058163","Gm5431",1.24742635893982,2.19491892774189,17.094649725683,3.55623475809904e-05,0.000675175451485345
"ENSMUSG00000021730","ENSMUSG00000021730","Hcn1",1.59377150271578,1.51283431576252,17.0529642216266,3.63515869222763e-05,0.000684132103660612
"ENSMUSG00000094088","ENSMUSG00000094088","Ighv1-64",2.13964281687501,1.21839062275994,17.0241722650092,3.69069676962937e-05,0.000693826844183651
"ENSMUSG00000025938","ENSMUSG00000025938","Slco5a1",1.53336792147164,2.01008540333075,17.002005743872,3.73403520099057e-05,0.000699685139455178
"ENSMUSG00000098814","ENSMUSG00000098814","Igkv19-93",2.47702553636484,3.82247570619444,16.9780707330452,3.78140586936992e-05,0.000707792136613118
"ENSMUSG00000099620","ENSMUSG00000099620","Mrgprb13",3.98077439489996,-0.624612595706409,16.9532692322405,3.83112885893767e-05,0.000715545291432574
"ENSMUSG00000050370","ENSMUSG00000050370","Ch25h",1.39743465806938,3.1266886821299,16.9169641700311,3.90510233324668e-05,0.000727784422949616
"ENSMUSG00000076606","ENSMUSG00000076606","Igkj3",1.87070102100246,0.221672316202068,16.9129101025435,3.91345132437848e-05,0.000727796120953712
"ENSMUSG00000100444","ENSMUSG00000100444","C530043A13Rik",1.49000343119912,0.922292891730635,16.8507021456422,4.0438366429338e-05,0.000750395047228587
"ENSMUSG00000034818","ENSMUSG00000034818","Celf5",1.41203947367925,1.14898388530299,16.8389515260003,4.06895149317684e-05,0.000753433456400382
"ENSMUSG00000094075","ENSMUSG00000094075","Ighv1-80",2.08286689739042,3.43357573971776,16.8156178987914,4.11928876028816e-05,0.000759491111642862
"ENSMUSG00000108084","ENSMUSG00000108084","Gm7932",1.69545580024442,1.69078409234286,16.8081625399204,4.13550368939761e-05,0.000760853234808169
"ENSMUSG00000000386","ENSMUSG00000000386","Mx1",1.22138343667566,2.33877318492317,16.7563597691114,4.24995738691117e-05,0.000778586773570261
"ENSMUSG00000076666","ENSMUSG00000076666","Ighv14-4",3.09610132039357,0.524610477826524,16.7165124407076,4.3401591399156e-05,0.000789240542331277
"ENSMUSG00000094356","ENSMUSG00000094356","Igkv8-28",2.27923495030648,3.21513576907444,16.7133508781452,4.34739780197771e-05,0.000789723822005203
"ENSMUSG00000048217","ENSMUSG00000048217","Nags",2.27905062830311,-0.830879499249297,16.6868980583397,4.40844135621539e-05,0.000797451422243412
"ENSMUSG00000004347","ENSMUSG00000004347","Pde1c",1.07045993051165,2.11396069750257,16.6788236162364,4.42724536557125e-05,0.000800013447139233
"ENSMUSG00000095642","ENSMUSG00000095642","Ighv14-3",1.69952933132622,3.07626607165091,16.6090983590757,4.59301558530238e-05,0.000825641247914783
"ENSMUSG00000067341","ENSMUSG00000067341","H2-Eb2",1.45448268039501,1.76917101955043,16.587349014665,4.64599039102376e-05,0.000833425893349205
"ENSMUSG00000095583","ENSMUSG00000095583","Ighv14-2",1.80220942829044,2.40030777311377,16.5814285092926,4.6605170261219e-05,0.000834295462235883
"ENSMUSG00000036172","ENSMUSG00000036172","Cd200r3",1.55996074082206,0.43472340677763,16.5298275378432,4.78907523073684e-05,0.000851262967659929
"ENSMUSG00000014030","ENSMUSG00000014030","Pax5",1.10941746830025,3.99468548093286,16.5295142846495,4.78986645762591e-05,0.000851262967659929
"ENSMUSG00000044229","ENSMUSG00000044229","Nxpe4",1.4812368569891,0.652601987154261,16.4855775092042,4.90215587553831e-05,0.000868222626504504
"ENSMUSG00000085873","ENSMUSG00000085873","Ttc39aos1",1.3205386666943,0.677816450382307,16.3774613324472,5.18987099131844e-05,0.000911081324025851
"ENSMUSG00000029602","ENSMUSG00000029602","Rasal1",2.22449639544311,0.48538962545405,16.357840651708,5.24387707425906e-05,0.000918691025235283
"ENSMUSG00000111531","ENSMUSG00000111531","Gm32688",1.92069429025114,-0.0820748974588219,16.350644091799,5.26382700777589e-05,0.00092031555564958
"ENSMUSG00000027834","ENSMUSG00000027834","Serpini1",1.25748172544866,1.39235199241943,16.3205808459897,5.34799552589199e-05,0.000932195094750779
"ENSMUSG00000097039","ENSMUSG00000097039","Pvt1",1.09772260801093,1.52276838588326,16.2248841724966,5.62503693464625e-05,0.000972494892569077
"ENSMUSG00000089942","ENSMUSG00000089942","Pira2",1.26742132656031,1.63192013504571,16.2234513717885,5.62929273632e-05,0.000972494892569077
"ENSMUSG00000076607","ENSMUSG00000076607","Igkj4",1.35561051932184,1.14819722713366,16.1960031682677,5.71144933512091e-05,0.000981651795495009
"ENSMUSG00000022305","ENSMUSG00000022305","Lrp12",1.00510261677764,5.10996829473281,16.1675083857752,5.7980144957921e-05,0.000994270207517713
"ENSMUSG00000009654","ENSMUSG00000009654","Oit3",1.88706005398523,0.0821210472918018,16.1642698518708,5.80793606920551e-05,0.000994270207517713
"ENSMUSG00000039146","ENSMUSG00000039146","Ifi44l",1.3263692069271,1.81311610698076,16.1212144089213,5.94147474936863e-05,0.00101310665879689
"ENSMUSG00000028031","ENSMUSG00000028031","Dkk2",1.86011329986824,2.28146586446987,16.1078212051646,5.98364087758319e-05,0.00101928839020412
"ENSMUSG00000073492","ENSMUSG00000073492","Gm10521",1.75758972837956,0.320626285736901,16.0627978528275,6.12760789781374e-05,0.00103766043762683
"ENSMUSG00000103037","ENSMUSG00000103037","Pcdhgb1",1.32146769813489,1.45986830419233,16.0531035886594,6.15905934576681e-05,0.00104115163002958
"ENSMUSG00000023349","ENSMUSG00000023349","Clec4n",1.00046549578646,5.52227011589393,16.0317660473347,6.22885866404774e-05,0.00105067802846887
"ENSMUSG00000076583","ENSMUSG00000076583","Igkv8-24",3.17100221408347,5.03878704871826,16.0199595978447,6.2678212245501e-05,0.00105621671642247
"ENSMUSG00000110195","ENSMUSG00000110195","Pde2a",1.44155306739701,1.02718550244296,15.9786185332978,6.40619337487811e-05,0.00107637785174974
"ENSMUSG00000025094","ENSMUSG00000025094","Slc18a2",1.09077799425147,2.6801951344825,15.8719772665516,6.77748537657531e-05,0.00112668341761602
"ENSMUSG00000030865","ENSMUSG00000030865","Chp2",1.25246006585706,1.54853288469482,15.8652894818052,6.80147883569544e-05,0.00112849560778204
"ENSMUSG00000029075","ENSMUSG00000029075","Tnfrsf4",1.51625060485,0.358376274275561,15.8558167034144,6.83561018026019e-05,0.00113306811439909
"ENSMUSG00000094420","ENSMUSG00000094420","Igkv10-96",2.15269592873173,5.00079089397852,15.8030203269997,7.02902132680093e-05,0.00116066378019848
"ENSMUSG00000061578","ENSMUSG00000061578","Ksr2",2.13563798932755,-0.310280591936408,15.753802740981,7.21427749784762e-05,0.00118557607040415
"ENSMUSG00000096833","ENSMUSG00000096833","Igkv4-55",2.01890337741067,3.52338025424381,15.6440278204292,7.64536393341632e-05,0.00123765858481517
"ENSMUSG00000079543","ENSMUSG00000079543","Igkv13-85",2.40576601956193,3.8310999674074,15.5990100771,7.8295568275948e-05,0.00126143673038231
"ENSMUSG00000040133","ENSMUSG00000040133","Gpr176",2.31371503086646,0.754821559363331,15.5208696533116,8.15993806449358e-05,0.00130685273469981
"ENSMUSG00000036330","ENSMUSG00000036330","Slc18a1",1.26160816401013,1.64906835126279,15.4037876731176,8.68141064599561e-05,0.00137807401589612
"ENSMUSG00000028351","ENSMUSG00000028351","Brinp1",1.12185979805274,2.54202693935217,15.3493067751007,8.93537072268687e-05,0.0014118868550724
"ENSMUSG00000093894","ENSMUSG00000093894","Ighv1-53",2.03096701414999,1.47021101209552,15.2821885201727,9.25854186812272e-05,0.00145230212251654
"ENSMUSG00000045034","ENSMUSG00000045034","Ankrd34b",2.66442213262546,-0.098585713224903,15.2296562649369,9.5196676192359e-05,0.00148478887873322
"ENSMUSG00000107623","ENSMUSG00000107623","Gm10415",2.93258638319497,-0.716479652211763,15.2146560350966,9.59558161452452e-05,0.00149204177390212
"ENSMUSG00000103847","ENSMUSG00000103847","Gm20056",2.50075945484534,0.48855823604801,15.2068694670857,9.63522820095782e-05,0.00149641170230912
"ENSMUSG00000051599","ENSMUSG00000051599","Pcdhb2",1.34498863171611,0.710663413094204,15.2008740394686,9.66586719584955e-05,0.00149847018515513
"ENSMUSG00000033981","ENSMUSG00000033981","Gria2",2.75008308298776,0.272028544084162,15.1788472245787,9.7792771197547e-05,0.00150926551716608
"ENSMUSG00000076523","ENSMUSG00000076523","Igkv15-103",1.65875095516859,4.16221323245618,15.1502536530764,9.92849732987087e-05,0.00152955643851335
"ENSMUSG00000053024","ENSMUSG00000053024","Cntn2",2.27599635644497,-0.76514380982712,15.1483057227167,9.93874589896516e-05,0.00152976821921661
"ENSMUSG00000031665","ENSMUSG00000031665","Sall1",1.62355191558035,1.02331099067866,15.1056639966033,0.000101657820686213,0.00155898894274391
"ENSMUSG00000076501","ENSMUSG00000076501","Igkv2-137",1.8786464603893,2.97426576273595,15.0861839708606,0.00010271228883549,0.00157112435424579
"ENSMUSG00000058755","ENSMUSG00000058755","Osm",1.14060697169433,1.091424029953,15.0665751761198,0.000103784845387024,0.00158191595899814
"ENSMUSG00000026051","ENSMUSG00000026051","1500015O10Rik",1.92540269912885,-0.152728522433788,15.0277468808621,0.000105942040465064,0.0016048636516496
"ENSMUSG00000076508","ENSMUSG00000076508","Igkv17-127",1.6927370326783,3.33928338573498,14.9536702956006,0.000110183520201858,0.0016516988737042
"ENSMUSG00000096498","ENSMUSG00000096498","Ighv2-5",1.85970808920327,0.943793254400767,14.9329040962762,0.000111402938381208,0.00166274913831485
"ENSMUSG00000025140","ENSMUSG00000025140","Pycr1",1.29390984177427,1.28628855351803,14.8916771977011,0.000113864238680916,0.00169216000915544
"ENSMUSG00000105906","ENSMUSG00000105906","Iglc1",1.32985271923735,4.7027215962861,14.7401482162436,0.000123390583707886,0.00180724747029757
"ENSMUSG00000029306","ENSMUSG00000029306","Ibsp",6.75173318426913,-0.216379196240062,14.6980757242071,0.000126175179427708,0.00183658514314822
"ENSMUSG00000000318","ENSMUSG00000000318","Clec10a",1.04953468452698,2.72353062384621,14.6970191364008,0.000126245918825375,0.00183658514314822
"ENSMUSG00000021886","ENSMUSG00000021886","Gpr65",1.17729422928175,2.56285393942904,14.6672845496501,0.000128253129480028,0.00186421222521603
"ENSMUSG00000034855","ENSMUSG00000034855","Cxcl10",1.2772590606257,2.00973872428868,14.634037147175,0.000130535543104009,0.00189101027526892
"ENSMUSG00000032500","ENSMUSG00000032500","Dclk3",1.17257899022375,1.62920625942953,14.5083876760052,0.000139536870242193,0.00199459046940727
"ENSMUSG00000030641","ENSMUSG00000030641","Ddias",1.24497760098125,1.1340531304166,14.4711135994471,0.000142325458360234,0.0020310832588345
"ENSMUSG00000103297","ENSMUSG00000103297","Ighv3-2",1.96163305994291,4.3539802166548,14.4254727829463,0.000145816532392602,0.00206891456947824
"ENSMUSG00000102364","ENSMUSG00000102364","Ighv8-5",2.15855915689595,2.18463167360315,14.3997899264004,0.000147818799717995,0.0020921578721991
"ENSMUSG00000087473","ENSMUSG00000087473","Gm13883",2.44130984117736,-0.978239444965285,14.2151207819123,0.000163055005817254,0.00227706392827135
"ENSMUSG00000063687","ENSMUSG00000063687","Pcdhb5",1.03203561272143,1.46409425943874,14.1888400134402,0.000165348282330646,0.00230190961448829
"ENSMUSG00000023473","ENSMUSG00000023473","Celsr3",1.40870777350149,0.405776520762768,14.1753918708981,0.000166534311722744,0.00231465291718184
"ENSMUSG00000011751","ENSMUSG00000011751","Sptbn4",1.89847115901055,-0.452088050637231,14.1713142450027,0.000166895619006731,0.00231465291718184
"ENSMUSG00000040016","ENSMUSG00000040016","Ptger3",1.11346310727768,2.53419595966642,14.1421844345282,0.000169499801002994,0.00234322940616729
"ENSMUSG00000051998","ENSMUSG00000051998","Lax1",1.04610328958863,3.06553910289181,14.1131324219466,0.000172137793546675,0.00237398673836091
"ENSMUSG00000038457","ENSMUSG00000038457","Tmem255b",1.55130565112607,0.679401780191369,14.1086560374505,0.000172547920711668,0.0023777406915655
"ENSMUSG00000076613","ENSMUSG00000076613","Ighg2b",1.92043623448136,6.39220653713246,14.0534314584857,0.000177689318671251,0.00244468169558954
"ENSMUSG00000094694","ENSMUSG00000094694","Ighv1-9",2.8060227728108,2.02457713132878,14.0430949517607,0.000178668654185683,0.00245228417954378
"ENSMUSG00000076680","ENSMUSG00000076680","Ighv6-6",2.17171308001999,1.32359870960975,14.0357411863939,0.000179368697103525,0.00245797851301086
"ENSMUSG00000022496","ENSMUSG00000022496","Tnfrsf17",2.09847486580433,0.0199409410701912,14.0092367701276,0.00018191479233039,0.00248050607566694
"ENSMUSG00000023885","ENSMUSG00000023885","Thbs2",1.02113711380073,2.77198043748852,14.0057557966243,0.000182251878875794,0.00248170627167441
"ENSMUSG00000050335","ENSMUSG00000050335","Lgals3",1.10477954460007,7.60869744409175,13.9604029688228,0.000186701639985395,0.00253229706664691
"ENSMUSG00000047511","ENSMUSG00000047511","Olfr1396",1.91236570397261,-0.208680541078886,13.9554404143165,0.000187195132899666,0.00253699441513942
"ENSMUSG00000087362","ENSMUSG00000087362","Gm13710",1.66432978639531,-0.0649403940190455,13.9404277199127,0.000188696059826816,0.0025533213307335
"ENSMUSG00000004110","ENSMUSG00000004110","Cacna1e",1.12215821928148,2.0706487992489,13.8912459584731,0.000193698553986369,0.00260668959576191
"ENSMUSG00000076614","ENSMUSG00000076614","Ighg1",2.02855684724191,4.57826391843893,13.8832033246991,0.000194529223846064,0.00261582627915935
"ENSMUSG00000096336","ENSMUSG00000096336","Igkv1-135",2.34988853283605,4.69323381347211,13.8511980783661,0.000197870542089519,0.00265454496115269
"ENSMUSG00000090124","ENSMUSG00000090124","Ugt1a7c",1.12318329482787,3.26244329368997,13.8442427406423,0.000198604287028275,0.00266231672167996
"ENSMUSG00000038418","ENSMUSG00000038418","Egr1",1.15557573897747,6.37153860334927,13.8350122421792,0.000199582281818681,0.00267334806237159
"ENSMUSG00000095127","ENSMUSG00000095127","Ighv1-82",1.96999213351099,2.40853698971515,13.8130729031577,0.000201926326560519,0.00270054921922171
"ENSMUSG00000076555","ENSMUSG00000076555","Igkv4-57-1",2.54793061121909,4.0308844653382,13.8035505316814,0.000202952329437791,0.00271006600091254
"ENSMUSG00000021613","ENSMUSG00000021613","Hapln1",1.82202447718326,0.933295074662844,13.7957892690313,0.000203792462679773,0.00271707522361687
"ENSMUSG00000068373","ENSMUSG00000068373","D430041D05Rik",1.03516174561879,2.45793678257038,13.7798664692118,0.000205527041844737,0.00273596963271153
"ENSMUSG00000036502","ENSMUSG00000036502","Tmem255a",1.38155203882617,1.52445649466556,13.6580720615735,0.000219296546088306,0.00288144295580511
"ENSMUSG00000037568","ENSMUSG00000037568","Vash2",1.50771044494411,0.241662997186063,13.6294337053438,0.000222667029929918,0.00292127620164525
"ENSMUSG00000024112","ENSMUSG00000024112","Cacna1h",1.07325204861505,2.44700720741065,13.595159539744,0.000226769493951885,0.0029570947853529
"ENSMUSG00000010601","ENSMUSG00000010601","Apol7a",1.63845974605649,-0.0533374163938774,13.5911739926641,0.000227251462958497,0.00296113981099133
"ENSMUSG00000030077","ENSMUSG00000030077","Chl1",2.05662521079616,1.9389733239444,13.5787536653986,0.000228760073923539,0.00297854600783073
"ENSMUSG00000076672","ENSMUSG00000076672","Ighv3-6",2.5576450040763,3.75230604843987,13.5287448461049,0.000234937120212166,0.00305205803717975
"ENSMUSG00000030144","ENSMUSG00000030144","Clec4d",1.47412245632109,2.60569797675318,13.4181874815775,0.00024919636376804,0.00321068468983351
"ENSMUSG00000076547","ENSMUSG00000076547","Igkv4-70",2.0696253917586,3.06747459463611,13.415019326804,0.000249617591354318,0.00321370997562143
"ENSMUSG00000094546","ENSMUSG00000094546","Ighv1-26",2.00690864578552,1.92124284819803,13.3393955225652,0.000259888109291127,0.00332853723333562
"ENSMUSG00000009731","ENSMUSG00000009731","Kcnd1",1.41952740816163,0.0987959936216343,13.3187046079991,0.000262771649206912,0.003353012924262
"ENSMUSG00000000182","ENSMUSG00000000182","Fgf23",3.60377929118295,-0.562840268847475,13.2471790730894,0.000272990378494552,0.00346545002567568
"ENSMUSG00000031137","ENSMUSG00000031137","Fgf13",1.06798029313642,1.35736116120207,13.1799036423189,0.000282967305979556,0.00357892398223152
"ENSMUSG00000111390","ENSMUSG00000111390","Gm48796",1.44591665005806,0.165093453523715,13.148053003807,0.000287818162429925,0.00362548980575017
"ENSMUSG00000050875","ENSMUSG00000050875","A730017C20Rik",1.18418358812992,0.583865053204357,13.1398047198452,0.0002890879864621,0.00363316577002571
"ENSMUSG00000076512","ENSMUSG00000076512","Igkv9-123",3.04962562071065,0.0668197111941543,13.137570530408,0.000289432911185953,0.00363403784117599
"ENSMUSG00000028238","ENSMUSG00000028238","Atp6v0d2",1.06753150408468,6.70488404082222,13.1033410922532,0.000294769586689301,0.00369029259617783
"ENSMUSG00000073008","ENSMUSG00000073008","Gpr174",1.09952887253457,2.0791205727305,13.0424789926689,0.00030450476987371,0.00378468473529407
"ENSMUSG00000051748","ENSMUSG00000051748","Wfdc21",1.13218630231753,2.7093758654065,13.011484369,0.000309586440264863,0.00382852269994689
"ENSMUSG00000031594","ENSMUSG00000031594","Fgl1",2.79192376615335,0.312965816112587,12.9901427305425,0.000313135098545381,0.0038696315152859
"ENSMUSG00000025427","ENSMUSG00000025427","Rnf165",1.73419243541293,-0.54266561419172,12.9809583665291,0.00031467485822804,0.00387477134356656
"ENSMUSG00000086196","ENSMUSG00000086196","Gm13571",2.3780646074524,-0.393511052300817,12.9365754219608,0.000322223943091788,0.00395642347219325
"ENSMUSG00000042489","ENSMUSG00000042489","Clspn",1.07324745761107,1.71275151717223,12.9228137849097,0.00032460154711547,0.00397994741872232
"ENSMUSG00000071540","ENSMUSG00000071540","3425401B19Rik",1.3151177255907,1.58314729901113,12.8930737067789,0.000329800357304574,0.00403221869473301
"ENSMUSG00000094561","ENSMUSG00000094561","Ighv1-22",2.7288420347774,1.84546547084053,12.8521250826899,0.000337096204198636,0.00410105960774896
"ENSMUSG00000040594","ENSMUSG00000040594","Ranbp17",1.23049536896831,0.789058043275827,12.8332547586088,0.000340512918257193,0.00413678801820702
"ENSMUSG00000030994","ENSMUSG00000030994","D7Ertd443e",1.9762542922343,-0.551548132297811,12.798290519465,0.000346936223727672,0.00419211242101923
"ENSMUSG00000014686","ENSMUSG00000014686","Ceacam16",2.05292787450246,-0.0141388487617932,12.7974158165593,0.000347098473304216,0.00419211242101923
"ENSMUSG00000102654","ENSMUSG00000102654","Ighv1-21",2.33862026337068,0.795608075206169,12.7875762762856,0.000348928900757727,0.00420581803750744
"ENSMUSG00000002324","ENSMUSG00000002324","Rec8",2.13420451946002,0.250751010180434,12.7386723039609,0.000358171863278027,0.00429084416334253
"ENSMUSG00000020181","ENSMUSG00000020181","Nav3",1.23268822100961,1.63017774584588,12.7316426717595,0.000359520628812926,0.00430401119451808
"ENSMUSG00000059003","ENSMUSG00000059003","Grin2a",1.75142385997973,-0.318072514657799,12.7039958526812,0.000364875063358319,0.0043529973821689
"ENSMUSG00000076522","ENSMUSG00000076522","Igkv16-104",1.84895412369558,4.54015356075138,12.6936218811459,0.000366904908414847,0.00437418652570094
"ENSMUSG00000032492","ENSMUSG00000032492","Pth1r",1.00044788624909,2.37048139640672,12.6705021073414,0.000371469761277686,0.00441639118252829
"ENSMUSG00000094509","ENSMUSG00000094509","Ighv14-1",2.90240115848955,0.478249545290013,12.6666606370398,0.00037223376617066,0.00442242446245073
"ENSMUSG00000093916","ENSMUSG00000093916","Gm379",2.37850211033918,-0.987193084691889,12.6513092826924,0.000375302752242965,0.00445018435811503
"ENSMUSG00000076580","ENSMUSG00000076580","Igkv8-27",1.67776746559748,3.52943703580028,12.6481283069098,0.000375941866508933,0.00445114137139252
"ENSMUSG00000044469","ENSMUSG00000044469","Tnfaip8l1",1.19070316864137,2.28974894384664,12.6358840676861,0.000378412213202044,0.0044742442684431
"ENSMUSG00000074892","ENSMUSG00000074892","B3galt5",3.03107737448481,-0.869213087412108,12.5876616320455,0.000388301656541743,0.00455059976690898
"ENSMUSG00000059668","ENSMUSG00000059668","Krt4",4.22043083621237,5.51760074285558,12.5677488416906,0.000392461046167833,0.0045806607819142
"ENSMUSG00000029417","ENSMUSG00000029417","Cxcl9",1.30878607309206,1.86688531419589,12.480939398734,0.000411125399862115,0.00475983261801411
"ENSMUSG00000044708","ENSMUSG00000044708","Kcnj10",1.29519801824765,1.61974076970558,12.4493821834586,0.000418130104654301,0.00482312515998668
"ENSMUSG00000002104","ENSMUSG00000002104","Rapsn",1.12231709702148,1.22602536205697,12.4411888827995,0.000419968366897629,0.00483622890911705
"ENSMUSG00000051048","ENSMUSG00000051048","P4ha3",1.48297079532486,2.03570472530248,12.358784447662,0.000438916369006688,0.00501755920776279
"ENSMUSG00000059994","ENSMUSG00000059994","Fcrl1",1.13249131912577,2.27708407134438,12.2898858444583,0.000455419591077867,0.00518558674411582
"ENSMUSG00000026981","ENSMUSG00000026981","Il1rn",1.09142536989974,3.91573582973234,12.2370587741426,0.000468496214697306,0.0053064429994526
"ENSMUSG00000039748","ENSMUSG00000039748","Exo1",1.37964481407036,0.61493803179821,12.1936269963381,0.000479530569364692,0.00541009652177875
"ENSMUSG00000048480","ENSMUSG00000048480","Cxcr1",1.33826680489535,2.90003793350652,12.1886830557318,0.000480803150077054,0.00541382462715763
"ENSMUSG00000063611","ENSMUSG00000063611","Gm10134",1.19347689337302,0.567304476595972,12.1450067835081,0.000492194627707605,0.00551715230106994
"ENSMUSG00000042064","ENSMUSG00000042064","Myo3b",1.08650537154438,1.40576356814216,12.1116838172417,0.000501068683967265,0.00559088870091371
"ENSMUSG00000110030","ENSMUSG00000110030","Gm45546",1.93248353357139,-0.769906372626292,12.0873277878616,0.00050765680576127,0.00564371662804944
"ENSMUSG00000034959","ENSMUSG00000034959","Rubcnl",1.01184111165015,1.98866818750461,12.0869211675537,0.000507767532345535,0.00564371662804944
"ENSMUSG00000015665","ENSMUSG00000015665","Awat1",2.82218407561712,1.00732031035,12.0623642044026,0.00051450001854406,0.00571486199721717
"ENSMUSG00000095565","ENSMUSG00000095565","Ighv2-9-1",2.59712670422517,-0.806896672433748,12.0490832327003,0.000518178572050542,0.00575201571383084
"ENSMUSG00000023868","ENSMUSG00000023868","Pde10a",1.13370177446788,1.22170310496936,12.0064689297782,0.000530162084964709,0.00584738591343994
"ENSMUSG00000027386","ENSMUSG00000027386","Fbln7",1.11182067568853,1.57107319954584,11.9903226404987,0.000534775303869203,0.00588696772886411
"ENSMUSG00000094502","ENSMUSG00000094502","Ighv1-69",2.18879443944809,0.6229774024777,11.9150035637757,0.000556836314111349,0.00610103421141801
"ENSMUSG00000038421","ENSMUSG00000038421","Fcrla",1.1848167181349,2.461004412839,11.8792981181355,0.000567613277776708,0.00620094125195987
"ENSMUSG00000045102","ENSMUSG00000045102","Poln",2.21376256623256,-0.79610634181201,11.8715419034762,0.000569982037607707,0.00621107480803999
"ENSMUSG00000025877","ENSMUSG00000025877","Hk3",1.0107809903398,4.22934180116555,11.8356275951001,0.000581081103741235,0.00630412658741042
"ENSMUSG00000096594","ENSMUSG00000096594","Igkv8-19",2.0727495951767,3.61863117073773,11.8320147212895,0.000582209648566729,0.00630446741937301
"ENSMUSG00000094124","ENSMUSG00000094124","Ighv1-74",1.84249296776541,0.80911972616011,11.8194717675277,0.00058614486836018,0.00633911630217136
"ENSMUSG00000076550","ENSMUSG00000076550","Igkv4-63",1.75045765295863,2.53103831257254,11.8114210376476,0.000588684840869242,0.00636259433965195
"ENSMUSG00000091556","ENSMUSG00000091556","Gm14569",1.18051764580225,0.869779386145387,11.8068098030762,0.000590144669511002,0.00636639797102639
"ENSMUSG00000041827","ENSMUSG00000041827","Oasl1",1.203485356334,1.33911337972373,11.7981871967485,0.000592884237369872,0.0063884025801776
"ENSMUSG00000076514","ENSMUSG00000076514","Igkv17-121",2.21955909131462,3.08740503811866,11.7969162469178,0.000593289127071604,0.0063884025801776
"ENSMUSG00000031258","ENSMUSG00000031258","Xkrx",1.58108355797145,0.747259254884574,11.7927001498417,0.000594634260186093,0.00639881398960553
"ENSMUSG00000076591","ENSMUSG00000076591","Igkv8-16",2.66961010516607,-0.335715515993678,11.7626233090745,0.000604319957001472,0.00646269958979428
"ENSMUSG00000022382","ENSMUSG00000022382","Wnt7b",1.01411378423265,2.66797147458262,11.7479168432405,0.000609113744526341,0.00649159488423742
"ENSMUSG00000085295","ENSMUSG00000085295","4930430E12Rik",2.30576673180069,0.172162109591537,11.7124122289856,0.000620845871291384,0.00660664319456307
"ENSMUSG00000071347","ENSMUSG00000071347","C1qtnf9",1.14381277690667,1.5038295192986,11.6159251464429,0.000653895041659158,0.00690716704850627
"ENSMUSG00000076549","ENSMUSG00000076549","Igkv4-68",2.32244663487227,2.93894559494148,11.5790960364403,0.000666973567814167,0.00700241007037053
"ENSMUSG00000032013","ENSMUSG00000032013","Trim29",1.32669497661906,2.85689628052025,11.540991762444,0.000680783140165564,0.00712137169497219
"ENSMUSG00000042672","ENSMUSG00000042672","Dcst1",1.35199117139483,0.22116775424171,11.5375360340929,0.000682049745624641,0.00713029446017173
"ENSMUSG00000030111","ENSMUSG00000030111","A2m",6.03353202540648,1.88262747523667,11.4760655572421,0.000704982158805675,0.00731238714539773
"ENSMUSG00000022860","ENSMUSG00000022860","Chodl",1.69162707444147,-0.47132738972302,11.4222950309238,0.000725679993209376,0.00745974800413622
"ENSMUSG00000032028","ENSMUSG00000032028","Nxpe2",1.96137085640576,-0.554771693696367,11.3990011304681,0.000734836067729056,0.00753141437073793
"ENSMUSG00000035208","ENSMUSG00000035208","Slfn8",1.05409995257286,1.29416221856245,11.3249347973075,0.000764732123635588,0.00776396765568546
"ENSMUSG00000022422","ENSMUSG00000022422","Dscc1",1.74869059405613,-0.559149309192249,11.2801357326511,0.000783408285426015,0.00791891712599382
"ENSMUSG00000039196","ENSMUSG00000039196","Orm1",1.31439054696731,2.02372319753074,11.278589027726,0.0007840612548596,0.00791891712599382
"ENSMUSG00000094164","ENSMUSG00000094164","Ighv2-3",1.76117190340671,2.08353450058872,11.2784297721231,0.000784128518711726,0.00791891712599382
"ENSMUSG00000093838","ENSMUSG00000093838","Ighv3-1",2.05255231640316,1.32001924943972,11.2310547899058,0.000804399151794797,0.00809045331259656
"ENSMUSG00000050600","ENSMUSG00000050600","Zfp831",1.0873737476856,1.58119078021276,11.1779046809082,0.000827772013151779,0.00829166864307002
"ENSMUSG00000040314","ENSMUSG00000040314","Ctsg",2.44796076328325,-0.64580626882813,11.1609710524741,0.000835361866395653,0.00834798647949717
"ENSMUSG00000094491","ENSMUSG00000094491","Igkv1-133",2.6594089214946,1.57126625376666,11.1599637243505,0.000835815573038582,0.00834798647949717
"ENSMUSG00000044162","ENSMUSG00000044162","Tnip3",1.24809704885624,1.05825562638584,11.0991996392498,0.000863649838371806,0.00859114804598475
"ENSMUSG00000059089","ENSMUSG00000059089","Fcgr4",1.10610656436063,3.28000885827539,11.0864352428179,0.000869614909177077,0.00863553653185693
"ENSMUSG00000094993","ENSMUSG00000094993","Igkv4-51",5.5164208995116,-0.163048556148605,11.0162147659882,0.000903183168572599,0.00890730814818252
"ENSMUSG00000024770","ENSMUSG00000024770","Lipn",2.64200222898739,-0.723285559797256,10.9826785153397,0.000919674123446238,0.00903376764335595
"ENSMUSG00000076605","ENSMUSG00000076605","Igkj2",1.45625548022246,1.74571565059697,10.8913432228614,0.000966147392083982,0.00941515822054028
"ENSMUSG00000045231","ENSMUSG00000045231","BC106179",1.22686611949691,0.82000533519379,10.884682798471,0.000969627846183956,0.00943840454001424
"ENSMUSG00000076538","ENSMUSG00000076538","Igkv13-84",2.34049410184595,3.54915637970803,10.8730684837568,0.000975727350703393,0.00948706362029091
"ENSMUSG00000074254","ENSMUSG00000074254","Cyp2a4",1.48426636251621,0.0130483293861416,10.858413428155,0.000983479165148033,0.00954628227927192
