Data	MHC binding	TCR reactivity
H2-Kk,ATTRGGGSS	0.9696000218391418	0.7050999999046326
H2-Kk,TTRGGGSSL	0.9991999864578248	0.6036999821662903
H2-Dd,TTRGGGSSL	0.9861999750137328	0.7235000133514404
H2-Ld,TTRGGGSSL	0.6930999755859375	0.6825000047683716
H2-Kk,TRGGGSSLQ	0.9990000128746032	0.659500002861023
H2-Kk,RGGGSSLQS	0.9857000112533568	0.6549000144004822
H2-Kk,GGGSSLQST	0.9621000289916992	0.5687999725341797
H2-Dd,GGSSLQSTA	0.6468999981880188	0.6800000071525574
H2-Kk,GSSLQSTAG	0.9857000112533568	0.5285000205039978
H2-Kk,SSLQSTAGL	0.9998999834060668	0.5105999708175659
H2-Ld,SSLQSTAGL	0.8169000148773193	0.5284000039100647
H2-Kk,SLQSTAGLL	0.9977999925613404	0.6140000224113464
H2-Kk,LQSTAGLLA	0.9361000061035156	0.5489000082015991
H2-Kk,QSTAGLLAL	0.9984999895095824	0.5752000212669373
H2-Dd,QSTAGLLAL	0.847000002861023	0.713100016117096
H2-Ld,QSTAGLLAL	0.6811000108718872	0.6283000111579895
H2-Kk,STAGLLALS	0.9959999918937684	0.6439999938011169
H2-Kk,TAGLLALSL	0.9961000084877014	0.5934000015258789
H2-Ld,TAGLLALSL	0.8004000186920166	0.7071999907493591
H2-Kk,AGLLALSLS	0.921500027179718	0.7357000112533569
H2-Kk,GLLALSLSL	0.9972000122070312	0.6317999958992004
H2-Kk,LLALSLSLL	0.9994000196456908	0.571399986743927
H2-Kk,LALSLSLLH	0.9940000176429749	0.6266999840736389
H2-Kk,ALSLSLLHL	0.9972000122070312	0.6292999982833862
H2-Kk,LSLSLLHLY	0.9944000244140624	0.5529999732971191
H2-Kk,SLSLLHLYC	0.9940000176429749	0.597599983215332
H2-Kk,ATTRGGGSS	0.9696000218391418	0.7050999999046326
H2-Kk,TTRGGGSSL	0.9991999864578248	0.6036999821662903
H2-Dd,TTRGGGSSL	0.9861999750137328	0.7235000133514404
H2-Ld,TTRGGGSSL	0.6930999755859375	0.6825000047683716
H2-Kk,TRGGGSSLQ	0.9990000128746032	0.659500002861023
H2-Kk,RGGGSSLQS	0.9857000112533568	0.6549000144004822
H2-Kk,GGGSSLQST	0.9621000289916992	0.5687999725341797
H2-Dd,GGSSLQSTA	0.6468999981880188	0.6800000071525574
H2-Kk,GSSLQSTAG	0.9857000112533568	0.5285000205039978
H2-Kk,SSLQSTAGL	0.9998999834060668	0.5105999708175659
H2-Ld,SSLQSTAGL	0.8169000148773193	0.5284000039100647
H2-Kk,SLQSTAGLL	0.9977999925613404	0.6140000224113464
H2-Kk,LQSTAGLLA	0.9361000061035156	0.5489000082015991
H2-Kk,QSTAGLLAL	0.9984999895095824	0.5752000212669373
H2-Dd,QSTAGLLAL	0.847000002861023	0.713100016117096
H2-Ld,QSTAGLLAL	0.6811000108718872	0.6283000111579895
H2-Kk,STAGLLALS	0.9959999918937684	0.6439999938011169
H2-Kk,TAGLLALSL	0.9961000084877014	0.5934000015258789
H2-Ld,TAGLLALSL	0.8004000186920166	0.7071999907493591
H2-Kk,AGLLALSLS	0.921500027179718	0.7357000112533569
H2-Kk,GLLALSLSL	0.9972000122070312	0.6317999958992004
H2-Kk,LLALSLSLL	0.9994000196456908	0.571399986743927
H2-Kk,LALSLSLLH	0.9940000176429749	0.6266999840736389
H2-Kk,ALSLSLLHL	0.9972000122070312	0.6292999982833862
H2-Kk,LSLSLLHLY	0.9944000244140624	0.5529999732971191
H2-Kk,SLSLLHLYC	0.9940000176429749	0.597599983215332
H2-Kk,ATTRGGGSS	0.9696000218391418	0.7050999999046326
H2-Kk,TTRGGGSSL	0.9991999864578248	0.6036999821662903
H2-Dd,TTRGGGSSL	0.9861999750137328	0.7235000133514404
H2-Ld,TTRGGGSSL	0.6930999755859375	0.6825000047683716
H2-Kk,TRGGGSSLQ	0.9990000128746032	0.659500002861023
H2-Kk,RGGGSSLQS	0.9857000112533568	0.6549000144004822
H2-Kk,GGGSSLQST	0.9621000289916992	0.5687999725341797
H2-Dd,GGSSLQSTA	0.6468999981880188	0.6800000071525574
H2-Kk,GSSLQSTAG	0.9857000112533568	0.5285000205039978
H2-Kk,SSLQSTAGL	0.9998999834060668	0.5105999708175659
H2-Ld,SSLQSTAGL	0.8169000148773193	0.5284000039100647
H2-Kk,SLQSTAGLL	0.9977999925613404	0.6140000224113464
H2-Kk,LQSTAGLLA	0.9361000061035156	0.5489000082015991
H2-Kk,QSTAGLLAL	0.9984999895095824	0.5752000212669373
H2-Dd,QSTAGLLAL	0.847000002861023	0.713100016117096
H2-Ld,QSTAGLLAL	0.6811000108718872	0.6283000111579895
H2-Kk,STAGLLALS	0.9959999918937684	0.6439999938011169
H2-Kk,TAGLLALSL	0.9961000084877014	0.5934000015258789
H2-Ld,TAGLLALSL	0.8004000186920166	0.7071999907493591
H2-Kk,AGLLALSLS	0.921500027179718	0.7357000112533569
H2-Kk,GLLALSLSL	0.9972000122070312	0.6317999958992004
H2-Kk,LLALSLSLF	0.9987999796867372	0.6309999823570251
H2-Kk,LALSLSLFY	0.9735999703407288	0.6739000082015991
H2-Kk,ALSLSLFYI	0.9995999932289124	0.5809000134468079
H2-Kk,LSLSLFYIS	0.9929999709129332	0.5651999711990356
H2-Kk,LFYISTVRD	0.993499994277954	0.6402000188827515
H2-Kk,FYISTVRDS	0.9384999871253968	0.5600000023841858
H2-Kk,YISTVRDSG	0.9699000120162964	0.5396999716758728
H2-Kk,STVRDSGQE	0.9929999709129332	0.6582000255584717
H2-Kk,TVRDSGQET	0.9986000061035156	0.5250999927520752
H2-Kk,VRDSGQETS	0.9979000091552734	0.7218999862670898
H2-Kk,RDSGQETSL	0.6879000067710876	0.5637999773025513
H2-Dd,RDSGQETSL	0.6621000170707703	0.5026000142097473
H2-Kk,SGQETSLLP	0.9925000071525574	0.8208000063896179
H2-Kk,GQETSLLPH	0.9883999824523926	0.6467000246047974
H2-Kk,QETSLLPHL	0.981599986553192	0.5231999754905701
H2-Kk,SLLPHLLHL	0.9998999834060668	0.5178999900817871
H2-Kk,LLPHLLHLP	0.9677000045776368	0.7774999737739563
H2-Ld,HLLHLPQMA	0.5468999743461609	0.5081999897956848
H2-Kk,HLPQMATTS	0.9869999885559082	0.5346999764442444
H2-Kk,LPQMATTSP	0.8241999745368958	0.7572000026702881
H2-Kk,ATTRGGGSS	0.9696000218391418	0.7050999999046326
H2-Kk,TTRGGGSSL	0.9991999864578248	0.6036999821662903
H2-Dd,TTRGGGSSL	0.9861999750137328	0.7235000133514404
H2-Ld,TTRGGGSSL	0.6930999755859375	0.6825000047683716
H2-Kk,TRGGGSSLQ	0.9990000128746032	0.659500002861023
H2-Kk,RGGGSSLQS	0.9857000112533568	0.6549000144004822
H2-Kk,GGGSSLQST	0.9621000289916992	0.5687999725341797
H2-Dd,GGSSLQSTA	0.6468999981880188	0.6800000071525574
H2-Kk,GSSLQSTAG	0.9857000112533568	0.5285000205039978
H2-Kk,SSLQSTAGL	0.9998999834060668	0.5105999708175659
H2-Ld,SSLQSTAGL	0.8169000148773193	0.5284000039100647
H2-Kk,SLQSTAGLL	0.9977999925613404	0.6140000224113464
H2-Kk,LQSTAGLLA	0.9361000061035156	0.5489000082015991
H2-Kk,QSTAGLLAL	0.9984999895095824	0.5752000212669373
H2-Dd,QSTAGLLAL	0.847000002861023	0.713100016117096
H2-Ld,QSTAGLLAL	0.6811000108718872	0.6283000111579895
H2-Kk,STAGLLALS	0.9959999918937684	0.6439999938011169
H2-Kk,TAGLLALSL	0.9961000084877014	0.5934000015258789
H2-Ld,TAGLLALSL	0.8004000186920166	0.7071999907493591
H2-Kk,AGLLALSLS	0.921500027179718	0.7357000112533569
H2-Kk,GLLALSLSL	0.9972000122070312	0.6317999958992004
H2-Kk,LLALSLSLF	0.9987999796867372	0.6309999823570251
H2-Kk,LALSLSLFY	0.9735999703407288	0.6739000082015991
H2-Kk,ALSLSLFYI	0.9995999932289124	0.5809000134468079
H2-Kk,LSLSLFYIS	0.9929999709129332	0.5651999711990356
H2-Kk,LFYISTVRD	0.993499994277954	0.6402000188827515
H2-Kk,FYISTVRDS	0.9384999871253968	0.5600000023841858
H2-Kk,YISTVRDSG	0.9699000120162964	0.5396999716758728
H2-Kk,STVRDSGQE	0.9929999709129332	0.6582000255584717
H2-Kk,TVRDSGQET	0.9986000061035156	0.5250999927520752
H2-Kk,VRDSGQETS	0.9979000091552734	0.7218999862670898
H2-Kk,RDSGQETSL	0.6879000067710876	0.5637999773025513
H2-Dd,RDSGQETSL	0.6621000170707703	0.5026000142097473
H2-Kk,SGQETSLLP	0.9925000071525574	0.8208000063896179
H2-Kk,GQETSLLPH	0.9883999824523926	0.6467000246047974
H2-Kk,QETSLLPHL	0.981599986553192	0.5231999754905701
H2-Kk,SLLPHLLHL	0.9998999834060668	0.5178999900817871
H2-Kk,LLPHLLHLP	0.9677000045776368	0.7774999737739563
H2-Ld,HLLHLPQMA	0.5468999743461609	0.5081999897956848
H2-Kk,HLPQMATTS	0.9869999885559082	0.5346999764442444
H2-Kk,LPQMATTSP	0.8241999745368958	0.7572000026702881
H2-Kk,QQPQQAGAP	0.9466000199317932	0.7695000171661377
H2-Kk,QPQQAGAPQ	0.883899986743927	0.6043000221252441
H2-Kk,PQQAGAPQP	0.9487000107765198	0.8628000020980835
H2-Ld,PQQAGAPQP	0.6144999861717224	0.8977000117301941
H2-Kk,QQAGAPQPG	0.95770001411438	0.739799976348877
H2-Dd,QQAGAPQPG	0.5461000204086304	0.8722000122070312
H2-Ld,QQAGAPQPG	0.545199990272522	0.8427000045776367
H2-Kk,QAGAPQPGA	0.8773000240325928	0.5259000062942505
H2-Kk,AGAPQPGAV	0.9858999848365784	0.6061000227928162
H2-Dd,AGAPQPGAV	0.7993000149726868	0.8626000285148621
H2-Ld,AGAPQPGAV	0.6543999910354614	0.8155999779701233
H2-Kk,GAPQPGAVP	0.976199984550476	0.8722000122070312
H2-Kk,APQPGAVPP	0.9940000176429749	0.8623999953269958
H2-Ld,APQPGAVPP	0.7807999849319458	0.911899983882904
H2-Kk,PQPGAVPPG	0.8866999745368958	0.6685000061988831
H2-Dd,PQPGAVPPG	0.8177000284194946	0.8389999866485596
H2-Ld,PQPGAVPPG	0.7425000071525574	0.836899995803833
H2-Dd,QPGAVPPGV	0.8547000288963318	0.7512000203132629
H2-Kk,PGAVPPGVP	0.991699993610382	0.8105999827384949
H2-Dd,PGAVPPGVP	0.8652999997138977	0.8927000164985657
H2-Ld,PGAVPPGVP	0.9197999835014344	0.8927000164985657
H2-Kk,GAVPPGVPP	0.9976000189781188	0.8414000272750854
H2-Ld,GAVPPGVPP	0.5913000106811523	0.9154000282287598
H2-Kk,AVPPGVPPP	0.9876999855041504	0.845300018787384
H2-Kk,VPPGVPPPG	0.9922999739646912	0.5623000264167786
H2-Dd,VPPGVPPPG	0.8998000025749207	0.807200014591217
H2-Ld,VPPGVPPPG	0.8830000162124634	0.8149999976158142
H2-Kk,PPGVPPPGP	0.9987999796867372	0.7236999869346619
H2-Dd,PPGVPPPGP	0.962000012397766	0.8475000262260437
H2-Ld,PPGVPPPGP	0.9337000250816344	0.8791999816894531
H2-Kk,PGVPPPGPH	0.9911999702453612	0.53329998254776
H2-Dd,PGVPPPGPH	0.8726999759674072	0.723800003528595
H2-Ld,PGVPPPGPH	0.791700005531311	0.7235999703407288
H2-Kk,GVPPPGPHG	0.9912999868392944	0.6456000208854675
H2-Dd,GVPPPGPHG	0.870199978351593	0.879800021648407
H2-Ld,GVPPPGPHG	0.8755999803543091	0.883400022983551
H2-Kk,VPPPGPHGP	0.9984999895095824	0.8137999773025513
H2-Dd,VPPPGPHGP	0.977999985218048	0.8907999992370605
H2-Ld,VPPPGPHGP	0.8317999839782715	0.9041000008583068
H2-Kk,PPPGPHGPS	0.9700999855995178	0.5149000287055969
H2-Dd,PPPGPHGPS	0.8323000073432922	0.7002000212669373
H2-Ld,PPPGPHGPS	0.7560999989509583	0.7350999712944031
H2-Kk,PPGPHGPSP	0.9984999895095824	0.7465000152587891
H2-Dd,PPGPHGPSP	0.9846000075340272	0.8549000024795532
H2-Ld,PPGPHGPSP	0.9751999974250792	0.8859000205993652
H2-Kk,PGPHGPSPF	0.949999988079071	0.5983999967575073
H2-Dd,PGPHGPSPF	0.9186999797821044	0.6478999853134155
H2-Ld,PGPHGPSPF	0.9441999793052672	0.6220999956130981
H2-Kk,GPHGPSPFP	0.9937000274658204	0.8198000192642212
H2-Dd,GPHGPSPFP	0.9350000023841858	0.8726999759674072
H2-Ld,GPHGPSPFP	0.9175000190734864	0.8949999809265137
H2-Kk,PHGPSPFPN	0.9886000156402588	0.6118999719619751
H2-Dd,PHGPSPFPN	0.8809000253677368	0.7005000114440918
H2-Ld,PHGPSPFPN	0.8751000165939331	0.6855999827384949
H2-Dd,HGPSPFPNQ	0.5077000260353088	0.717199981212616
H2-Ld,HGPSPFPNQ	0.9010000228881836	0.7221999764442444
H2-Kk,GPSPFPNQP	0.9965000152587892	0.8097000122070312
H2-Dd,GPSPFPNQP	0.9635000228881836	0.8525000214576721
H2-Ld,GPSPFPNQP	0.9545999765396118	0.8725000023841858
H2-Dd,PSPFPNQPT	0.5358999967575073	0.5896999835968018
H2-Ld,PSPFPNQPT	0.7484999895095825	0.5986999869346619
H2-Kk,QQPQQAGAP	0.9466000199317932	0.7695000171661377
H2-Kk,QPQQAGAPQ	0.883899986743927	0.6043000221252441
H2-Kk,PQQAGAPQP	0.9487000107765198	0.8628000020980835
H2-Ld,PQQAGAPQP	0.6144999861717224	0.8977000117301941
H2-Kk,QQAGAPQPG	0.95770001411438	0.739799976348877
H2-Dd,QQAGAPQPG	0.5461000204086304	0.8722000122070312
H2-Ld,QQAGAPQPG	0.545199990272522	0.8427000045776367
H2-Kk,QAGAPQPGA	0.8773000240325928	0.5259000062942505
H2-Kk,AGAPQPGAV	0.9858999848365784	0.6061000227928162
H2-Dd,AGAPQPGAV	0.7993000149726868	0.8626000285148621
H2-Ld,AGAPQPGAV	0.6543999910354614	0.8155999779701233
H2-Kk,GAPQPGAVP	0.976199984550476	0.8722000122070312
H2-Kk,APQPGAVPP	0.9940000176429749	0.8623999953269958
H2-Ld,APQPGAVPP	0.7807999849319458	0.911899983882904
H2-Kk,PQPGAVPPG	0.8866999745368958	0.6685000061988831
H2-Dd,PQPGAVPPG	0.8177000284194946	0.8389999866485596
H2-Ld,PQPGAVPPG	0.7425000071525574	0.836899995803833
H2-Dd,QPGAVPPGV	0.8547000288963318	0.7512000203132629
H2-Kk,PGAVPPGVP	0.991699993610382	0.8105999827384949
H2-Dd,PGAVPPGVP	0.8652999997138977	0.8927000164985657
H2-Ld,PGAVPPGVP	0.9197999835014344	0.8927000164985657
H2-Kk,GAVPPGVPP	0.9976000189781188	0.8414000272750854
H2-Ld,GAVPPGVPP	0.5913000106811523	0.9154000282287598
H2-Kk,AVPPGVPPP	0.9876999855041504	0.845300018787384
H2-Kk,VPPGVPPPG	0.9922999739646912	0.5623000264167786
H2-Dd,VPPGVPPPG	0.8998000025749207	0.807200014591217
H2-Ld,VPPGVPPPG	0.8830000162124634	0.8149999976158142
H2-Kk,PPGVPPPGP	0.9987999796867372	0.7236999869346619
H2-Dd,PPGVPPPGP	0.962000012397766	0.8475000262260437
H2-Ld,PPGVPPPGP	0.9337000250816344	0.8791999816894531
H2-Kk,PGVPPPGPH	0.9911999702453612	0.53329998254776
H2-Dd,PGVPPPGPH	0.8726999759674072	0.723800003528595
H2-Ld,PGVPPPGPH	0.791700005531311	0.7235999703407288
H2-Kk,GVPPPGPHG	0.9912999868392944	0.6456000208854675
H2-Dd,GVPPPGPHG	0.870199978351593	0.879800021648407
H2-Ld,GVPPPGPHG	0.8755999803543091	0.883400022983551
H2-Kk,VPPPGPHGP	0.9984999895095824	0.8137999773025513
H2-Dd,VPPPGPHGP	0.977999985218048	0.8907999992370605
H2-Ld,VPPPGPHGP	0.8317999839782715	0.9041000008583068
H2-Kk,PPPGPHGPS	0.9700999855995178	0.5149000287055969
H2-Dd,PPPGPHGPS	0.8323000073432922	0.7002000212669373
H2-Ld,PPPGPHGPS	0.7560999989509583	0.7350999712944031
H2-Kk,PPGPHGPSP	0.9984999895095824	0.7465000152587891
H2-Dd,PPGPHGPSP	0.9846000075340272	0.8549000024795532
H2-Ld,PPGPHGPSP	0.9751999974250792	0.8859000205993652
H2-Kk,PGPHGPSPF	0.949999988079071	0.5983999967575073
H2-Dd,PGPHGPSPF	0.9186999797821044	0.6478999853134155
H2-Ld,PGPHGPSPF	0.9441999793052672	0.6220999956130981
H2-Kk,GPHGPSPFP	0.9937000274658204	0.8198000192642212
H2-Dd,GPHGPSPFP	0.9350000023841858	0.8726999759674072
H2-Ld,GPHGPSPFP	0.9175000190734864	0.8949999809265137
H2-Kk,PHGPSPFPN	0.9886000156402588	0.6118999719619751
H2-Dd,PHGPSPFPN	0.8809000253677368	0.7005000114440918
H2-Ld,PHGPSPFPN	0.8751000165939331	0.6855999827384949
H2-Dd,HGPSPFPNQ	0.5077000260353088	0.717199981212616
H2-Ld,HGPSPFPNQ	0.9010000228881836	0.7221999764442444
H2-Kk,GPSPFPNQP	0.9965000152587892	0.8097000122070312
H2-Dd,GPSPFPNQP	0.9635000228881836	0.8525000214576721
H2-Ld,GPSPFPNQP	0.9545999765396118	0.8725000023841858
H2-Dd,PSPFPNQPT	0.5358999967575073	0.5896999835968018
H2-Ld,PSPFPNQPT	0.7484999895095825	0.5986999869346619
H2-Kk,QQPQQAGAP	0.9466000199317932	0.7695000171661377
H2-Kk,QPQQAGAPQ	0.883899986743927	0.6043000221252441
H2-Kk,PQQAGAPQP	0.9487000107765198	0.8628000020980835
H2-Ld,PQQAGAPQP	0.6144999861717224	0.8977000117301941
H2-Kk,QQAGAPQPG	0.95770001411438	0.739799976348877
H2-Dd,QQAGAPQPG	0.5461000204086304	0.8722000122070312
H2-Ld,QQAGAPQPG	0.545199990272522	0.8427000045776367
H2-Kk,QAGAPQPGA	0.8773000240325928	0.5259000062942505
H2-Kk,AGAPQPGAV	0.9858999848365784	0.6061000227928162
H2-Dd,AGAPQPGAV	0.7993000149726868	0.8626000285148621
H2-Ld,AGAPQPGAV	0.6543999910354614	0.8155999779701233
H2-Kk,GAPQPGAVP	0.976199984550476	0.8722000122070312
H2-Kk,APQPGAVPP	0.9940000176429749	0.8623999953269958
H2-Ld,APQPGAVPP	0.7807999849319458	0.911899983882904
H2-Kk,PQPGAVPPG	0.8866999745368958	0.6685000061988831
H2-Dd,PQPGAVPPG	0.8177000284194946	0.8389999866485596
H2-Ld,PQPGAVPPG	0.7425000071525574	0.836899995803833
H2-Dd,QPGAVPPGV	0.8547000288963318	0.7512000203132629
H2-Kk,PGAVPPGVP	0.991699993610382	0.8105999827384949
H2-Dd,PGAVPPGVP	0.8652999997138977	0.8927000164985657
H2-Ld,PGAVPPGVP	0.9197999835014344	0.8927000164985657
H2-Kk,GAVPPGVPP	0.9976000189781188	0.8414000272750854
H2-Ld,GAVPPGVPP	0.5913000106811523	0.9154000282287598
H2-Kk,AVPPGVPPP	0.9876999855041504	0.845300018787384
H2-Kk,VPPGVPPPG	0.9922999739646912	0.5623000264167786
H2-Dd,VPPGVPPPG	0.8998000025749207	0.807200014591217
H2-Ld,VPPGVPPPG	0.8830000162124634	0.8149999976158142
H2-Kk,PPGVPPPGP	0.9987999796867372	0.7236999869346619
H2-Dd,PPGVPPPGP	0.962000012397766	0.8475000262260437
H2-Ld,PPGVPPPGP	0.9337000250816344	0.8791999816894531
H2-Kk,PGVPPPGPH	0.9911999702453612	0.53329998254776
H2-Dd,PGVPPPGPH	0.8726999759674072	0.723800003528595
H2-Ld,PGVPPPGPH	0.791700005531311	0.7235999703407288
H2-Kk,GVPPPGPHG	0.9912999868392944	0.6456000208854675
H2-Dd,GVPPPGPHG	0.870199978351593	0.879800021648407
H2-Ld,GVPPPGPHG	0.8755999803543091	0.883400022983551
H2-Kk,VPPPGPHGP	0.9984999895095824	0.8137999773025513
H2-Dd,VPPPGPHGP	0.977999985218048	0.8907999992370605
H2-Ld,VPPPGPHGP	0.8317999839782715	0.9041000008583068
H2-Kk,PPPGPHGPS	0.9700999855995178	0.5149000287055969
H2-Dd,PPPGPHGPS	0.8323000073432922	0.7002000212669373
H2-Ld,PPPGPHGPS	0.7560999989509583	0.7350999712944031
H2-Kk,PPGPHGPSP	0.9984999895095824	0.7465000152587891
H2-Dd,PPGPHGPSP	0.9846000075340272	0.8549000024795532
H2-Ld,PPGPHGPSP	0.9751999974250792	0.8859000205993652
H2-Kk,PGPHGPSPF	0.949999988079071	0.5983999967575073
H2-Dd,PGPHGPSPF	0.9186999797821044	0.6478999853134155
H2-Ld,PGPHGPSPF	0.9441999793052672	0.6220999956130981
H2-Kk,GPHGPSPFP	0.9937000274658204	0.8198000192642212
H2-Dd,GPHGPSPFP	0.9350000023841858	0.8726999759674072
H2-Ld,GPHGPSPFP	0.9175000190734864	0.8949999809265137
H2-Kk,PHGPSPFPN	0.9886000156402588	0.6118999719619751
H2-Dd,PHGPSPFPN	0.8809000253677368	0.7005000114440918
H2-Ld,PHGPSPFPN	0.8751000165939331	0.6855999827384949
H2-Dd,HGPSPFPNQ	0.5077000260353088	0.717199981212616
H2-Ld,HGPSPFPNQ	0.9010000228881836	0.7221999764442444
H2-Kk,GPSPFPNQP	0.9965000152587892	0.8097000122070312
H2-Dd,GPSPFPNQP	0.9635000228881836	0.8525000214576721
H2-Ld,GPSPFPNQP	0.9545999765396118	0.8725000023841858
H2-Dd,PSPFPNQPT	0.5358999967575073	0.5896999835968018
H2-Ld,PSPFPNQPT	0.7484999895095825	0.5986999869346619
H2-Kk,QQPQQAGAP	0.9466000199317932	0.7695000171661377
H2-Kk,QPQQAGAPQ	0.883899986743927	0.6043000221252441
H2-Kk,PQQAGAPQP	0.9487000107765198	0.8628000020980835
H2-Ld,PQQAGAPQP	0.6144999861717224	0.8977000117301941
H2-Kk,QQAGAPQPG	0.95770001411438	0.739799976348877
H2-Dd,QQAGAPQPG	0.5461000204086304	0.8722000122070312
H2-Ld,QQAGAPQPG	0.545199990272522	0.8427000045776367
H2-Kk,QAGAPQPGA	0.8773000240325928	0.5259000062942505
H2-Kk,AGAPQPGAV	0.9858999848365784	0.6061000227928162
H2-Dd,AGAPQPGAV	0.7993000149726868	0.8626000285148621
H2-Ld,AGAPQPGAV	0.6543999910354614	0.8155999779701233
H2-Kk,GAPQPGAVP	0.976199984550476	0.8722000122070312
H2-Kk,APQPGAVPP	0.9940000176429749	0.8623999953269958
H2-Ld,APQPGAVPP	0.7807999849319458	0.911899983882904
H2-Kk,PQPGAVPPG	0.8866999745368958	0.6685000061988831
H2-Dd,PQPGAVPPG	0.8177000284194946	0.8389999866485596
H2-Ld,PQPGAVPPG	0.7425000071525574	0.836899995803833
H2-Dd,QPGAVPPGV	0.8547000288963318	0.7512000203132629
H2-Kk,PGAVPPGVP	0.991699993610382	0.8105999827384949
H2-Dd,PGAVPPGVP	0.8652999997138977	0.8927000164985657
H2-Ld,PGAVPPGVP	0.9197999835014344	0.8927000164985657
H2-Kk,GAVPPGVPP	0.9976000189781188	0.8414000272750854
H2-Ld,GAVPPGVPP	0.5913000106811523	0.9154000282287598
H2-Kk,AVPPGVPPP	0.9876999855041504	0.845300018787384
H2-Kk,VPPGVPPPW	0.95770001411438	0.5817999839782715
H2-Dd,VPPGVPPPW	0.9546999931335448	0.5149000287055969
H2-Dd,PPGVPPPWT	0.9187999963760376	0.7081999778747559
H2-Ld,PPGVPPPWT	0.816100001335144	0.7391999959945679
H2-Kk,PGVPPPWTP	0.993399977684021	0.7971000075340271
H2-Dd,PGVPPPWTP	0.9298999905586244	0.8902999758720398
H2-Ld,PGVPPPWTP	0.902899980545044	0.9009000062942504
H2-Kk,GVPPPWTPW	0.965399980545044	0.5874000191688538
H2-Dd,GVPPPWTPW	0.9739999771118164	0.5042999982833862
H2-Kk,VPPPWTPWP	0.9988999962806702	0.7785999774932861
H2-Dd,VPPPWTPWP	0.879800021648407	0.817799985408783
H2-Ld,VPPPWTPWP	0.616599977016449	0.8511999845504761
H2-Dd,PPPWTPWPL	0.8644999861717224	0.5526000261306763
H2-Ld,PPPWTPWPL	0.9192000031471252	0.5952000021934509
H2-Dd,PPWTPWPLT	0.5011000037193298	0.6452000141143799
H2-Ld,PPWTPWPLT	0.7806000113487244	0.6851000189781189
H2-Kk,PWTPWPLTV	0.9907000064849854	0.5385000109672546
H2-Dd,PWTPWPLTV	0.9042999744415284	0.5347999930381775
H2-Ld,PWTPWPLTV	0.8256999850273132	0.508400022983551
H2-Kk,WTPWPLTVP	0.9947999715805054	0.7419999837875366
H2-Kk,PWPLTVPQP	0.9837999939918518	0.7756999731063843
H2-Dd,PWPLTVPQP	0.7189000248908997	0.782800018787384
H2-Ld,PWPLTVPQP	0.7366999983787537	0.8011999726295471
H2-Ld,WPLTVPQPT	0.7985000014305115	0.5884000062942505
H2-Dd,PLTVPQPTN	0.5419999957084656	0.6650999784469604
H2-Ld,PLTVPQPTN	0.8292999863624573	0.614300012588501
H2-Dd,LTVPQPTNS	0.6866999864578247	0.7458000183105469
H2-Dd,TVPQPTNSS	0.669700026512146	0.7103000283241272
H2-Ld,TVPQPTNSS	0.8815000057220459	0.6642000079154968
H2-Dd,VPQPTNSSL	0.9179999828338624	0.5260999798774719
H2-Kk,PQPTNSSLN	0.673799991607666	0.5472000241279602
H2-Kk,QPTNSSLND	0.6287000179290771	0.6478000283241272
H2-Kk,TNSSLNDAR	0.9958000183105468	0.5245000123977661
H2-Kk,NSSLNDARG	0.9943000078201294	0.6794000267982483
H2-Kk,SSLNDARGS	0.9783999919891356	0.6930999755859375
H2-Kk,SLNDARGSA	0.9933000206947328	0.6528000235557556
H2-Dd,SLNDARGSA	0.6190999746322632	0.795199990272522
H2-Ld,SLNDARGSA	0.6794999837875366	0.7394000291824341
H2-Kk,LNDARGSAR	0.992799997329712	0.6262999773025513
H2-Kk,NDARGSARQ	0.9776999950408936	0.732200026512146
H2-Kk,DARGSARQR	0.9929999709129332	0.7407000064849854
H2-Kk,ARGSARQRA	0.9865999817848206	0.6001999974250793
H2-Kk,RGSARQRAP	0.9623000025749208	0.7748000025749207
H2-Kk,GSARQRAPR	0.996999979019165	0.5800999999046326
H2-Kk,SARQRAPRR	0.9984999895095824	0.6251999735832214
H2-Kk,ARQRAPRRG	0.9980999827384948	0.7735999822616577
H2-Kk,RQRAPRRGG	0.9843999743461608	0.6190999746322632
H2-Dd,RQRAPRRGG	0.8172000050544739	0.5601999759674072
H2-Kk,QRAPRRGGP	0.9988999962806702	0.7670999765396118
H2-Ld,QRAPRRGGP	0.7067000269889832	0.8069000244140625
H2-Kk,RAPRRGGPR	0.996399998664856	0.558899998664856
H2-Dd,RAPRRGGPR	0.8866000175476074	0.5091999769210815
H2-Kk,APRRGGPRH	0.9807999730110168	0.6876999735832214
H2-Ld,APRRGGPRH	0.8938000202178955	0.5946000218391418
H2-Kk,PRRGGPRHP	0.992799997329712	0.8550000190734863
H2-Dd,PRRGGPRHP	0.7451000213623047	0.7728000283241272
H2-Ld,PRRGGPRHP	0.7833999991416931	0.7961999773979187
H2-Dd,RGGPRHPAA	0.9625999927520752	0.6855999827384949
H2-Kk,GGPRHPAAS	0.8712000250816345	0.6254000067710876
H2-Kk,SSKPRHSHP	0.9987999796867372	0.7427999973297119
H2-Ld,SSKPRHSHP	0.5892000198364258	0.6858000159263611
H2-Dd,RHSHPCATS	0.5217999815940857	0.6938999891281128
H2-Ld,RHSHPCATS	0.6665999889373779	0.6187000274658203
H2-Dd,SHPCATSTV	0.953499972820282	0.6349999904632568
H2-Ld,SHPCATSTV	0.8659999966621399	0.532800018787384
H2-Kk,PCATSTVRN	0.5752999782562256	0.5479000210762024
H2-Kk,CATSTVRNQ	0.9541000127792358	0.605400025844574
H2-Kk,ATSTVRNQP	0.9574000239372252	0.7623000144958496
H2-Dd,STVRNQPAI	0.973200023174286	0.5246000289916992
H2-Kk,TVRNQPAIS	0.9409999847412108	0.5924999713897705
H2-Kk,VRNQPAISP	0.9994000196456908	0.7919999957084656
H2-Kk,RNQPAISPP	0.9955999851226808	0.8155999779701233
H2-Ld,RNQPAISPP	0.5842000246047974	0.8098000288009644
H2-Kk,NQPAISPPH	0.9940000176429749	0.53329998254776
H2-Dd,NQPAISPPH	0.8475000262260437	0.6111000180244446
H2-Ld,NQPAISPPH	0.8981999754905701	0.5659999847412109
H2-Kk,QPAISPPHS	0.9648000001907348	0.510200023651123
H2-Dd,QPAISPPHS	0.6256999969482422	0.6726999878883362
H2-Ld,QPAISPPHS	0.753600001335144	0.629800021648407
H2-Kk,PAISPPHSP	0.9850000143051147	0.8079000115394592
H2-Dd,PAISPPHSP	0.6725999712944031	0.8672999739646912
H2-Ld,PAISPPHSP	0.8944000005722046	0.8601999878883362
H2-Kk,AISPPHSPW	0.8776000142097473	0.6503999829292297
H2-Kk,ISPPHSPWR	0.9998000264167786	0.5203999876976013
H2-Kk,SPPHSPWRS	0.9664000272750854	0.6069999933242798
H2-Dd,SPPHSPWRS	0.6708999872207642	0.6290000081062317
H2-Kk,SPWRSQFQE	0.9643999934196472	0.6420999765396118
H2-Kk,PWRSQFQEQ	0.9819999933242798	0.5583999752998352
H2-Kk,WRSQFQEQP	0.9990000128746032	0.8086000084877014
H2-Kk,RSQFQEQPS	0.9180999994277954	0.5095999836921692
H2-Kk,SQFQEQPSP	0.9944999814033508	0.7742000222206116
H2-Dd,SQFQEQPSP	0.7904999852180481	0.7771000266075134
H2-Ld,SQFQEQPSP	0.6014000177383423	0.7574999928474426
H2-Dd,QFQEQPSPT	0.6216999888420105	0.7135000228881836
H2-Ld,QFQEQPSPT	0.6748999953269958	0.6554999947547913
H2-Ld,FQEQPSPTT	0.5444999933242798	0.6456000208854675
H2-Kk,QEQPSPTTG	0.9606000185012816	0.6832000017166138
H2-Dd,QEQPSPTTG	0.8744999766349792	0.7983999848365784
H2-Ld,QEQPSPTTG	0.5457000136375427	0.7796000242233276
H2-Dd,EQPSPTTGT	0.7251999974250793	0.6776000261306763
H2-Dd,QPSPTTGTL	0.8398000001907349	0.6952999830245972
H2-Ld,QPSPTTGTL	0.8263000249862671	0.6836000084877014
H2-Kk,PSPTTGTLP	0.9785000085830688	0.7283999919891357
H2-Kk,PTTGTLPQP	0.9869999885559082	0.7253000140190125
H2-Ld,PTTGTLPQP	0.5088000297546387	0.8432000279426575
H2-Kk,TTGTLPQPE	0.984000027179718	0.6018999814987183
H2-Kk,TGTLPQPEE	0.9966999888420104	0.6233000159263611
H2-Kk,GTLPQPEEF	0.9936000108718872	0.6101999878883362
H2-Dd,GTLPQPEEF	0.9818000197410583	0.7203999757766724
H2-Ld,GTLPQPEEF	0.8360000252723694	0.6721000075340271
H2-Kk,TLPQPEEFI	0.9995999932289124	0.5069000124931335
H2-Dd,TLPQPEEFI	0.9419999718666076	0.6751999855041504
H2-Ld,TLPQPEEFI	0.717199981212616	0.6166999936103821
H2-Kk,QQPQQAGAP	0.9466000199317932	0.7695000171661377
H2-Kk,QPQQAGAPQ	0.883899986743927	0.6043000221252441
H2-Kk,PQQAGAPQP	0.9487000107765198	0.8628000020980835
H2-Ld,PQQAGAPQP	0.6144999861717224	0.8977000117301941
H2-Kk,QQAGAPQPG	0.95770001411438	0.739799976348877
H2-Dd,QQAGAPQPG	0.5461000204086304	0.8722000122070312
H2-Ld,QQAGAPQPG	0.545199990272522	0.8427000045776367
H2-Kk,QAGAPQPGA	0.8773000240325928	0.5259000062942505
H2-Kk,AGAPQPGAV	0.9858999848365784	0.6061000227928162
H2-Dd,AGAPQPGAV	0.7993000149726868	0.8626000285148621
H2-Ld,AGAPQPGAV	0.6543999910354614	0.8155999779701233
H2-Kk,GAPQPGAVP	0.976199984550476	0.8722000122070312
H2-Kk,APQPGAVPP	0.9940000176429749	0.8623999953269958
H2-Ld,APQPGAVPP	0.7807999849319458	0.911899983882904
H2-Kk,PQPGAVPPG	0.8866999745368958	0.6685000061988831
H2-Dd,PQPGAVPPG	0.8177000284194946	0.8389999866485596
H2-Ld,PQPGAVPPG	0.7425000071525574	0.836899995803833
H2-Dd,QPGAVPPGV	0.8547000288963318	0.7512000203132629
H2-Kk,PGAVPPGVP	0.991699993610382	0.8105999827384949
H2-Dd,PGAVPPGVP	0.8652999997138977	0.8927000164985657
H2-Ld,PGAVPPGVP	0.9197999835014344	0.8927000164985657
H2-Kk,GAVPPGVPP	0.9976000189781188	0.8414000272750854
H2-Ld,GAVPPGVPP	0.5913000106811523	0.9154000282287598
H2-Kk,AVPPGVPPP	0.9876999855041504	0.845300018787384
H2-Kk,VPPGVPPPW	0.95770001411438	0.5817999839782715
H2-Dd,VPPGVPPPW	0.9546999931335448	0.5149000287055969
H2-Dd,PPGVPPPWT	0.9187999963760376	0.7081999778747559
H2-Ld,PPGVPPPWT	0.816100001335144	0.7391999959945679
H2-Kk,PGVPPPWTP	0.993399977684021	0.7971000075340271
H2-Dd,PGVPPPWTP	0.9298999905586244	0.8902999758720398
H2-Ld,PGVPPPWTP	0.902899980545044	0.9009000062942504
H2-Kk,GVPPPWTPW	0.965399980545044	0.5874000191688538
H2-Dd,GVPPPWTPW	0.9739999771118164	0.5042999982833862
H2-Kk,VPPPWTPWP	0.9988999962806702	0.7785999774932861
H2-Dd,VPPPWTPWP	0.879800021648407	0.817799985408783
H2-Ld,VPPPWTPWP	0.616599977016449	0.8511999845504761
H2-Dd,PPPWTPWPL	0.8644999861717224	0.5526000261306763
H2-Ld,PPPWTPWPL	0.9192000031471252	0.5952000021934509
H2-Dd,PPWTPWPLT	0.5011000037193298	0.6452000141143799
H2-Ld,PPWTPWPLT	0.7806000113487244	0.6851000189781189
H2-Kk,PWTPWPLTV	0.9907000064849854	0.5385000109672546
H2-Dd,PWTPWPLTV	0.9042999744415284	0.5347999930381775
H2-Ld,PWTPWPLTV	0.8256999850273132	0.508400022983551
H2-Kk,WTPWPLTVP	0.9947999715805054	0.7419999837875366
H2-Kk,PWPLTVPQP	0.9837999939918518	0.7756999731063843
H2-Dd,PWPLTVPQP	0.7189000248908997	0.782800018787384
H2-Ld,PWPLTVPQP	0.7366999983787537	0.8011999726295471
H2-Ld,WPLTVPQPT	0.7985000014305115	0.5884000062942505
H2-Dd,PLTVPQPTN	0.5419999957084656	0.6650999784469604
H2-Ld,PLTVPQPTN	0.8292999863624573	0.614300012588501
H2-Dd,LTVPQPTNS	0.6866999864578247	0.7458000183105469
H2-Dd,TVPQPTNSS	0.669700026512146	0.7103000283241272
H2-Ld,TVPQPTNSS	0.8815000057220459	0.6642000079154968
H2-Dd,VPQPTNSSL	0.9179999828338624	0.5260999798774719
H2-Kk,PQPTNSSLN	0.673799991607666	0.5472000241279602
H2-Kk,QPTNSSLND	0.6287000179290771	0.6478000283241272
H2-Kk,TNSSLNDAR	0.9958000183105468	0.5245000123977661
H2-Kk,NSSLNDARG	0.9943000078201294	0.6794000267982483
H2-Kk,SSLNDARGS	0.9783999919891356	0.6930999755859375
H2-Kk,SLNDARGSA	0.9933000206947328	0.6528000235557556
H2-Dd,SLNDARGSA	0.6190999746322632	0.795199990272522
H2-Ld,SLNDARGSA	0.6794999837875366	0.7394000291824341
H2-Kk,LNDARGSAR	0.992799997329712	0.6262999773025513
H2-Kk,NDARGSARQ	0.9776999950408936	0.732200026512146
H2-Kk,DARGSARQR	0.9929999709129332	0.7407000064849854
H2-Kk,ARGSARQRA	0.9865999817848206	0.6001999974250793
H2-Kk,RGSARQRAP	0.9623000025749208	0.7748000025749207
H2-Kk,GSARQRAPR	0.996999979019165	0.5800999999046326
H2-Kk,SARQRAPRR	0.9984999895095824	0.6251999735832214
H2-Kk,ARQRAPRRG	0.9980999827384948	0.7735999822616577
H2-Kk,RQRAPRRGG	0.9843999743461608	0.6190999746322632
H2-Dd,RQRAPRRGG	0.8172000050544739	0.5601999759674072
H2-Kk,QRAPRRGGP	0.9988999962806702	0.7670999765396118
H2-Ld,QRAPRRGGP	0.7067000269889832	0.8069000244140625
H2-Kk,RAPRRGGPR	0.996399998664856	0.558899998664856
H2-Dd,RAPRRGGPR	0.8866000175476074	0.5091999769210815
H2-Kk,APRRGGPRH	0.9807999730110168	0.6876999735832214
H2-Ld,APRRGGPRH	0.8938000202178955	0.5946000218391418
H2-Kk,PRRGGPRHP	0.992799997329712	0.8550000190734863
H2-Dd,PRRGGPRHP	0.7451000213623047	0.7728000283241272
H2-Ld,PRRGGPRHP	0.7833999991416931	0.7961999773979187
H2-Dd,RGGPRHPAA	0.9625999927520752	0.6855999827384949
H2-Kk,GGPRHPAAS	0.8712000250816345	0.6254000067710876
H2-Kk,SSKPRHSHP	0.9987999796867372	0.7427999973297119
H2-Ld,SSKPRHSHP	0.5892000198364258	0.6858000159263611
H2-Dd,RHSHPCATS	0.5217999815940857	0.6938999891281128
H2-Ld,RHSHPCATS	0.6665999889373779	0.6187000274658203
H2-Dd,SHPCATSTV	0.953499972820282	0.6349999904632568
H2-Ld,SHPCATSTV	0.8659999966621399	0.532800018787384
H2-Kk,PCATSTVRN	0.5752999782562256	0.5479000210762024
H2-Kk,CATSTVRNQ	0.9541000127792358	0.605400025844574
H2-Kk,ATSTVRNQP	0.9574000239372252	0.7623000144958496
H2-Dd,STVRNQPAI	0.973200023174286	0.5246000289916992
H2-Kk,TVRNQPAIS	0.9409999847412108	0.5924999713897705
H2-Kk,VRNQPAISP	0.9994000196456908	0.7919999957084656
H2-Kk,RNQPAISPP	0.9955999851226808	0.8155999779701233
H2-Ld,RNQPAISPP	0.5842000246047974	0.8098000288009644
H2-Kk,NQPAISPPH	0.9940000176429749	0.53329998254776
H2-Dd,NQPAISPPH	0.8475000262260437	0.6111000180244446
H2-Ld,NQPAISPPH	0.8981999754905701	0.5659999847412109
H2-Kk,QPAISPPHS	0.9648000001907348	0.510200023651123
H2-Dd,QPAISPPHS	0.6256999969482422	0.6726999878883362
H2-Ld,QPAISPPHS	0.753600001335144	0.629800021648407
H2-Kk,PAISPPHSP	0.9850000143051147	0.8079000115394592
H2-Dd,PAISPPHSP	0.6725999712944031	0.8672999739646912
H2-Ld,PAISPPHSP	0.8944000005722046	0.8601999878883362
H2-Kk,AISPPHSPW	0.8776000142097473	0.6503999829292297
H2-Kk,ISPPHSPWR	0.9998000264167786	0.5203999876976013
H2-Kk,SPPHSPWRS	0.9664000272750854	0.6069999933242798
H2-Dd,SPPHSPWRS	0.6708999872207642	0.6290000081062317
H2-Kk,SPWRSQFQE	0.9643999934196472	0.6420999765396118
H2-Kk,PWRSQFQEQ	0.9819999933242798	0.5583999752998352
H2-Kk,WRSQFQEQP	0.9990000128746032	0.8086000084877014
H2-Kk,RSQFQEQPS	0.9180999994277954	0.5095999836921692
H2-Kk,SQFQEQPSP	0.9944999814033508	0.7742000222206116
H2-Dd,SQFQEQPSP	0.7904999852180481	0.7771000266075134
H2-Ld,SQFQEQPSP	0.6014000177383423	0.7574999928474426
H2-Dd,QFQEQPSPT	0.6216999888420105	0.7135000228881836
H2-Ld,QFQEQPSPT	0.6748999953269958	0.6554999947547913
H2-Ld,FQEQPSPTT	0.5444999933242798	0.6456000208854675
H2-Kk,QEQPSPTTG	0.9606000185012816	0.6832000017166138
H2-Dd,QEQPSPTTG	0.8744999766349792	0.7983999848365784
H2-Ld,QEQPSPTTG	0.5457000136375427	0.7796000242233276
H2-Dd,EQPSPTTGT	0.7251999974250793	0.6776000261306763
H2-Dd,QPSPTTGTL	0.8398000001907349	0.6952999830245972
H2-Ld,QPSPTTGTL	0.8263000249862671	0.6836000084877014
H2-Kk,PSPTTGTLP	0.9785000085830688	0.7283999919891357
H2-Kk,PTTGTLPQP	0.9869999885559082	0.7253000140190125
H2-Ld,PTTGTLPQP	0.5088000297546387	0.8432000279426575
H2-Kk,TTGTLPQPE	0.984000027179718	0.6018999814987183
H2-Kk,TGTLPQPEE	0.9966999888420104	0.6233000159263611
H2-Kk,GTLPQPEEF	0.9936000108718872	0.6101999878883362
H2-Dd,GTLPQPEEF	0.9818000197410583	0.7203999757766724
H2-Ld,GTLPQPEEF	0.8360000252723694	0.6721000075340271
H2-Kk,TLPQPEEFI	0.9995999932289124	0.5069000124931335
H2-Dd,TLPQPEEFI	0.9419999718666076	0.6751999855041504
H2-Ld,TLPQPEEFI	0.717199981212616	0.6166999936103821
H2-Kk,QQPQQAGAP	0.9466000199317932	0.7695000171661377
H2-Kk,QPQQAGAPQ	0.883899986743927	0.6043000221252441
H2-Kk,PQQAGAPQP	0.9487000107765198	0.8628000020980835
H2-Ld,PQQAGAPQP	0.6144999861717224	0.8977000117301941
H2-Kk,QQAGAPQPG	0.95770001411438	0.739799976348877
H2-Dd,QQAGAPQPG	0.5461000204086304	0.8722000122070312
H2-Ld,QQAGAPQPG	0.545199990272522	0.8427000045776367
H2-Kk,QAGAPQPGA	0.8773000240325928	0.5259000062942505
H2-Kk,AGAPQPGAV	0.9858999848365784	0.6061000227928162
H2-Dd,AGAPQPGAV	0.7993000149726868	0.8626000285148621
H2-Ld,AGAPQPGAV	0.6543999910354614	0.8155999779701233
H2-Kk,GAPQPGAVP	0.976199984550476	0.8722000122070312
H2-Kk,APQPGAVPP	0.9940000176429749	0.8623999953269958
H2-Ld,APQPGAVPP	0.7807999849319458	0.911899983882904
H2-Kk,PQPGAVPPG	0.8866999745368958	0.6685000061988831
H2-Dd,PQPGAVPPG	0.8177000284194946	0.8389999866485596
H2-Ld,PQPGAVPPG	0.7425000071525574	0.836899995803833
H2-Dd,QPGAVPPGV	0.8547000288963318	0.7512000203132629
H2-Kk,PGAVPPGVP	0.991699993610382	0.8105999827384949
H2-Dd,PGAVPPGVP	0.8652999997138977	0.8927000164985657
H2-Ld,PGAVPPGVP	0.9197999835014344	0.8927000164985657
H2-Kk,GAVPPGVPP	0.9976000189781188	0.8414000272750854
H2-Ld,GAVPPGVPP	0.5913000106811523	0.9154000282287598
H2-Kk,AVPPGVPPP	0.9876999855041504	0.845300018787384
H2-Kk,VPPGVPPPW	0.95770001411438	0.5817999839782715
H2-Dd,VPPGVPPPW	0.9546999931335448	0.5149000287055969
H2-Dd,PPGVPPPWT	0.9187999963760376	0.7081999778747559
H2-Ld,PPGVPPPWT	0.816100001335144	0.7391999959945679
H2-Kk,PGVPPPWTP	0.993399977684021	0.7971000075340271
H2-Dd,PGVPPPWTP	0.9298999905586244	0.8902999758720398
H2-Ld,PGVPPPWTP	0.902899980545044	0.9009000062942504
H2-Kk,GVPPPWTPW	0.965399980545044	0.5874000191688538
H2-Dd,GVPPPWTPW	0.9739999771118164	0.5042999982833862
H2-Kk,VPPPWTPWP	0.9988999962806702	0.7785999774932861
H2-Dd,VPPPWTPWP	0.879800021648407	0.817799985408783
H2-Ld,VPPPWTPWP	0.616599977016449	0.8511999845504761
H2-Dd,PPPWTPWPL	0.8644999861717224	0.5526000261306763
H2-Ld,PPPWTPWPL	0.9192000031471252	0.5952000021934509
H2-Dd,PPWTPWPLT	0.5011000037193298	0.6452000141143799
H2-Ld,PPWTPWPLT	0.7806000113487244	0.6851000189781189
H2-Kk,PWTPWPLTV	0.9907000064849854	0.5385000109672546
H2-Dd,PWTPWPLTV	0.9042999744415284	0.5347999930381775
H2-Ld,PWTPWPLTV	0.8256999850273132	0.508400022983551
H2-Kk,WTPWPLTVP	0.9947999715805054	0.7419999837875366
H2-Kk,PWPLTVPQP	0.9837999939918518	0.7756999731063843
H2-Dd,PWPLTVPQP	0.7189000248908997	0.782800018787384
H2-Ld,PWPLTVPQP	0.7366999983787537	0.8011999726295471
H2-Ld,WPLTVPQPT	0.7985000014305115	0.5884000062942505
H2-Dd,PLTVPQPTN	0.5419999957084656	0.6650999784469604
H2-Ld,PLTVPQPTN	0.8292999863624573	0.614300012588501
H2-Dd,LTVPQPTNS	0.6866999864578247	0.7458000183105469
H2-Dd,TVPQPTNSS	0.669700026512146	0.7103000283241272
H2-Ld,TVPQPTNSS	0.8815000057220459	0.6642000079154968
H2-Dd,VPQPTNSSL	0.9179999828338624	0.5260999798774719
H2-Kk,PQPTNSSLN	0.673799991607666	0.5472000241279602
H2-Kk,QPTNSSLND	0.6287000179290771	0.6478000283241272
H2-Kk,TNSSLNDAR	0.9958000183105468	0.5245000123977661
H2-Kk,NSSLNDARG	0.9943000078201294	0.6794000267982483
H2-Kk,SSLNDARGS	0.9783999919891356	0.6930999755859375
H2-Kk,SLNDARGSA	0.9933000206947328	0.6528000235557556
H2-Dd,SLNDARGSA	0.6190999746322632	0.795199990272522
H2-Ld,SLNDARGSA	0.6794999837875366	0.7394000291824341
H2-Kk,LNDARGSAR	0.992799997329712	0.6262999773025513
H2-Kk,NDARGSARQ	0.9776999950408936	0.732200026512146
H2-Kk,DARGSARQR	0.9929999709129332	0.7407000064849854
H2-Kk,ARGSARQRA	0.9865999817848206	0.6001999974250793
H2-Kk,RGSARQRAP	0.9623000025749208	0.7748000025749207
H2-Kk,GSARQRAPR	0.996999979019165	0.5800999999046326
H2-Kk,SARQRAPRR	0.9984999895095824	0.6251999735832214
H2-Kk,ARQRAPRRG	0.9980999827384948	0.7735999822616577
H2-Kk,RQRAPRRGG	0.9843999743461608	0.6190999746322632
H2-Dd,RQRAPRRGG	0.8172000050544739	0.5601999759674072
H2-Kk,ELDRFLLQK	0.9966999888420104	0.583899974822998
H2-Kk,LDRFLLQKQ	0.8822000026702881	0.5612000226974487
H2-Kk,QLSKVLLFP	0.9951000213623048	0.7434999942779541
H2-Kk,LSKVLLFPP	0.9710999727249146	0.7099999785423279
H2-Kk,VLLFPPVSS	0.9977999925613404	0.590399980545044
H2-Kk,LLFPPVSSR	0.9997000098228456	0.5523999929428101
H2-Kk,LFPPVSSRL	0.9998000264167786	0.5113000273704529
H2-Kk,RYLIHRTAE	0.9901999831199646	0.5392000079154968
H2-Kk,YLIHRTAEN	0.906499981880188	0.5293999910354614
H2-Kk,ELDRFLLQK	0.9966999888420104	0.583899974822998
H2-Kk,LDRFLLQKQ	0.8822000026702881	0.5612000226974487
H2-Kk,QLSKVLLFP	0.9951000213623048	0.7434999942779541
H2-Kk,LSKVLLFPP	0.9710999727249146	0.7099999785423279
H2-Kk,VLLFPPVSS	0.9977999925613404	0.590399980545044
H2-Kk,LLFPPVSSR	0.9997000098228456	0.5523999929428101
H2-Kk,LFPPVSSRL	0.9998000264167786	0.5113000273704529
H2-Kk,RYLIHRTAE	0.9901999831199646	0.5392000079154968
H2-Kk,YLIHRTAEN	0.906499981880188	0.5293999910354614
H2-Kk,ELDRFLLQK	0.9966999888420104	0.583899974822998
H2-Kk,LDRFLLQKQ	0.8822000026702881	0.5612000226974487
H2-Kk,QLSKVLLFS	0.9926999807357788	0.5008999705314636
H2-Kk,LSKVLLFSP	0.9944000244140624	0.7214999794960022
H2-Kk,VLLFSPSLQ	0.9976000189781188	0.6017000079154968
H2-Kk,LLFSPSLQP	0.9904999732971193	0.8004999756813049
H2-Kk,LFSPSLQPP	0.9890999794006348	0.8126999735832214
H2-Dd,FSPSLQPPA	0.8964999914169312	0.5943999886512756
H2-Ld,FSPSLQPPA	0.7311999797821045	0.5587999820709229
H2-Dd,SPSLQPPAV	0.9412000179290771	0.6258000135421753
H2-Ld,SPSLQPPAV	0.7343999743461609	0.6032999753952026
H2-Kk,PSLQPPAVP	0.9969000220298768	0.796999990940094
H2-Ld,PSLQPPAVP	0.6895999908447266	0.8693000078201294
H2-Kk,SLQPPAVPD	0.9972000122070312	0.7663000226020813
H2-Kk,LQPPAVPDP	0.989300012588501	0.8345000147819519
H2-Kk,QPPAVPDPS	0.9456999897956848	0.5902000069618225
H2-Ld,QPPAVPDPS	0.7123000025749207	0.7706000208854675
H2-Kk,PPAVPDPSN	0.962499976158142	0.5340999960899353
H2-Dd,PPAVPDPSN	0.7192000150680542	0.7075999975204468
H2-Ld,PPAVPDPSN	0.892799973487854	0.6739000082015991
H2-Kk,PAVPDPSNG	0.8999999761581421	0.6801000237464905
H2-Ld,PAVPDPSNG	0.6279000043869019	0.8733999729156494
H2-Kk,AVPDPSNGG	0.9546999931335448	0.675599992275238
H2-Kk,VPDPSNGGE	0.9890999794006348	0.734499990940094
H2-Dd,VPDPSNGGE	0.8112999796867371	0.8123999834060669
H2-Ld,VPDPSNGGE	0.5156999826431274	0.7925999760627747
H2-Kk,ELDRFLLQK	0.9966999888420104	0.583899974822998
H2-Kk,LDRFLLQKQ	0.8822000026702881	0.5612000226974487
H2-Kk,QLSKVLLFS	0.9926999807357788	0.5008999705314636
H2-Kk,LSKVLLFSP	0.9944000244140624	0.7214999794960022
H2-Kk,VLLFSPSLQ	0.9976000189781188	0.6017000079154968
H2-Kk,LLFSPSLQP	0.9904999732971193	0.8004999756813049
H2-Kk,LFSPSLQPP	0.9890999794006348	0.8126999735832214
H2-Dd,FSPSLQPPA	0.8964999914169312	0.5943999886512756
H2-Ld,FSPSLQPPA	0.7311999797821045	0.5587999820709229
H2-Dd,SPSLQPPAV	0.9412000179290771	0.6258000135421753
H2-Ld,SPSLQPPAV	0.7343999743461609	0.6032999753952026
H2-Kk,PSLQPPAVP	0.9969000220298768	0.796999990940094
H2-Ld,PSLQPPAVP	0.6895999908447266	0.8693000078201294
H2-Kk,SLQPPAVPD	0.9972000122070312	0.7663000226020813
H2-Kk,LQPPAVPDP	0.989300012588501	0.8345000147819519
H2-Kk,QPPAVPDPS	0.9456999897956848	0.5902000069618225
H2-Ld,QPPAVPDPS	0.7123000025749207	0.7706000208854675
H2-Kk,PPAVPDPSN	0.962499976158142	0.5340999960899353
H2-Dd,PPAVPDPSN	0.7192000150680542	0.7075999975204468
H2-Ld,PPAVPDPSN	0.892799973487854	0.6739000082015991
H2-Kk,PAVPDPSNG	0.8999999761581421	0.6801000237464905
H2-Ld,PAVPDPSNG	0.6279000043869019	0.8733999729156494
H2-Kk,AVPDPSNGG	0.9546999931335448	0.675599992275238
H2-Kk,VPDPSNGGE	0.9890999794006348	0.734499990940094
H2-Dd,VPDPSNGGE	0.8112999796867371	0.8123999834060669
H2-Ld,VPDPSNGGE	0.5156999826431274	0.7925999760627747
H2-Kk,TSTVNGSKR	0.997099995613098	0.5127999782562256
H2-Kk,VNGSKRTLE	0.996999979019165	0.5012000203132629
H2-Kk,GSKRTLEKS	0.9743000268936156	0.5842000246047974
H2-Kk,SKKKAQPLE	0.9811999797821044	0.5152000188827515
H2-Ld,SKKKAQPLE	0.8891000151634216	0.5037999749183655
H2-Kk,KAQPLEDLT	0.9627000093460084	0.527899980545044
H2-Kk,AQPLEDLTC	0.5695000290870667	0.6614000201225281
H2-Kk,PLEDLTCFQ	0.9733999967575072	0.6021999716758728
H2-Kk,LEDLTCFQE	0.6340000033378601	0.7233999967575073
H2-Kk,DLTCFQELF	0.9650999903678894	0.5081999897956848
H2-Kk,TCFQELFIS	0.7879999876022339	0.5041999816894531
H2-Kk,TSTVNGSKR	0.997099995613098	0.5127999782562256
H2-Kk,VNGSKRTLE	0.996999979019165	0.5012000203132629
H2-Kk,GSKRTLEKS	0.9743000268936156	0.5842000246047974
H2-Kk,KKGSAPGRP	0.968500018119812	0.7384999990463257
H2-Ld,KKGSAPGRP	0.6419000029563904	0.8213000297546387
H2-Kk,KGSAPGRPD	0.9872999787330629	0.6937999725341797
H2-Kk,GSAPGRPDL	0.9986000061035156	0.6316999793052673
H2-Dd,GSAPGRPDL	0.7831000089645386	0.7684999704360962
H2-Ld,GSAPGRPDL	0.9108999967575072	0.7444000244140625
H2-Kk,SAPGRPDLF	0.9847000241279602	0.7142999768257141
H2-Dd,SAPGRPDLF	0.5623000264167786	0.821399986743927
H2-Ld,SAPGRPDLF	0.8600999712944031	0.7764999866485596
H2-Kk,APGRPDLFP	0.9886999726295472	0.8474000096321106
H2-Ld,APGRPDLFP	0.7357000112533569	0.8439000248908997
H2-Kk,PGRPDLFPG	0.9225999712944032	0.6403999924659729
H2-Kk,GRPDLFPGT	0.9980999827384948	0.5254999995231628
H2-Dd,GRPDLFPGT	0.5591999888420105	0.7506999969482422
H2-Dd,RPDLFPGTL	0.8105999827384949	0.6137999892234802
H2-Ld,RPDLFPGTL	0.5149000287055969	0.5519000291824341
H2-Kk,PDLFPGTLY	0.70169997215271	0.574400007724762
H2-Kk,DLFPGTLYI	0.9998999834060668	0.5616999864578247
H2-Kk,LFPGTLYIT	0.9958999752998352	0.5203999876976013
